pc_elapsed_s,stm32_us,status,status_name,last_cmd_id,in_task,target_yaw_deg,yaw_total_deg,raw_imu_yaw_total_deg,angle_error_deg,gyro_z_dps,cmd_wz_erpm,lf_ref,lf_fdb,rf_ref,rf_fdb,lb_ref,lb_fdb,rb_ref,rb_fdb,lf_online,rf_online,lb_online,rb_online,imu_online,imu_state,imu_valid_count,imu_gyro_count,imu_yaw_count,imu_error_count,imu_hal_error_count,imu_config_attempt_count,imu_config_tx_count,imu_config_tx_error_count
0.0,318060351,0,IDLE,6,0.0,20.101165778934956,0.1011657789349556,-0.055999755859375,20.0,0.06103515625,0.0,0.0,0.0,0.0,0.0,0.0,0.0,0.0,0.0,1,1,1,1,1,2,381733,63623,63621,0,0,0,0,0
0.016000000000076398,318060351,0,IDLE,6,0.0,20.101165778934956,0.1011657789349556,-0.055999755859375,20.0,0.06103515625,0.0,0.0,0.0,0.0,0.0,0.0,0.0,0.0,0.0,1,1,1,1,1,2,381733,63623,63621,0,0,0,0,0
0.047000000000025466,318060351,0,IDLE,6,0.0,20.101165778934956,0.1011657789349556,-0.055999755859375,20.0,0.06103515625,0.0,0.0,0.0,0.0,0.0,0.0,0.0,0.0,0.0,1,1,1,1,1,2,381733,63623,63621,0,0,0,0,0
0.06300000000010186,318120642,0,IDLE,6,0.0,20.101165778934956,0.1011657789349556,-0.05500030517578125,20.0,0.06103515625,0.0,0.0,0.0,0.0,0.0,0.0,0.0,0.0,0.0,1,1,1,1,1,2,381805,63635,63633,0,0,0,0,0
0.09400000000005093,318140498,0,IDLE,6,0.0,20.101165778934956,0.1011657789349556,-0.05500030517578125,20.0,0.06103515625,0.0,0.0,0.0,0.0,0.0,0.0,0.0,0.0,0.0,1,1,1,1,1,2,381829,63639,63637,0,0,0,0,0
0.1089999999999236,318160497,0,IDLE,6,0.0,20.101165778934956,0.1011657789349556,-0.05500030517578125,20.0,0.06103515625,0.0,0.0,0.0,0.0,0.0,0.0,0.0,0.0,0.0,1,1,1,1,1,2,381853,63643,63641,0,0,0,0,0
0.125,318180499,1,EXEC,3,3.0,20.101165778934956,0.1133728176355362,-0.05500030517578125,19.98779296129942,0.06103515625,0.0,720.7999877929688,0.0,-720.7999877929688,0.0,-720.7999877929688,0.0,720.7999877929688,0.0,1,1,1,1,1,2,381877,63647,63645,0,0,0,0,0
0.15599999999994907,318220544,1,EXEC,3,3.0,20.101165778934956,0.1133728176355362,-0.05500030517578125,19.98779296129942,0.06103515625,0.0,720.7999877929688,0.0,-720.7999877929688,0.0,-720.7999877929688,0.0,720.7999877929688,0.0,1,1,1,1,1,2,381925,63655,63653,0,0,0,0,0
0.17200000000002547,318220544,1,EXEC,3,3.0,20.101165778934956,0.1133728176355362,-0.05500030517578125,19.98779296129942,0.06103515625,0.0,720.7999877929688,0.0,-720.7999877929688,0.0,-720.7999877929688,0.0,720.7999877929688,0.0,1,1,1,1,1,2,381925,63655,63653,0,0,0,0,0
0.18800000000010186,318240540,1,EXEC,3,3.0,20.101165778934956,0.1133728176355362,-0.05500030517578125,19.98779296129942,0.06103515625,0.0,720.7999877929688,0.0,-720.7999877929688,0.0,-720.7999877929688,0.0,720.7999877929688,0.0,1,1,1,1,1,2,381949,63659,63657,0,0,0,0,0
0.20299999999997453,318260538,1,EXEC,3,3.0,20.101165778934956,0.1133728176355362,-0.05999755859375,19.98779296129942,1.708984375,0.0,720.7999877929688,0.0,-720.7999877929688,0.0,-720.7999877929688,0.0,720.7999877929688,0.0,1,1,1,1,1,2,381973,63663,63661,0,0,0,0,0
0.2339999999999236,318300540,1,EXEC,3,3.0,20.101165778934956,0.1133728176355362,0.069000244140625,19.98779296129942,23.5595703125,0.0,720.7999877929688,0.0,-720.7999877929688,0.0,-720.7999877929688,0.0,720.7999877929688,0.0,1,1,1,1,1,2,382021,63671,63669,0,0,0,0,0
0.25,318300540,1,EXEC,3,3.0,20.101165778934956,0.1133728176355362,0.069000244140625,19.98779296129942,23.5595703125,0.0,720.7999877929688,0.0,-720.7999877929688,0.0,-720.7999877929688,0.0,720.7999877929688,0.0,1,1,1,1,1,2,382021,63671,63669,0,0,0,0,0
0.2660000000000764,318320495,1,EXEC,3,3.0,20.101165778934956,0.1133728176355362,0.49300384521484375,19.98779296129942,23.5595703125,0.0,720.7999877929688,0.0,-720.7999877929688,0.0,-720.7999877929688,0.0,720.7999877929688,0.0,1,1,1,1,1,2,382045,63675,63673,0,0,0,0,0
0.28099999999994907,318340499,1,EXEC,3,3.0,20.101165778934956,0.1133728176355362,0.9530029296875,19.98779296129942,26.67236328125,0.0,720.7999877929688,0.0,-720.7999877929688,0.0,-720.7999877929688,0.0,720.7999877929688,0.0,1,1,1,1,1,2,382069,63679,63677,0,0,0,0,0
0.31300000000010186,318380504,1,EXEC,3,3.0,20.101165778934956,0.1133728176355362,1.8899993896484375,19.98779296129942,21.66748046875,0.0,720.7999877929688,0.0,-720.7999877929688,0.0,-720.7999877929688,0.0,720.7999877929688,0.0,1,1,1,1,1,2,382117,63687,63685,0,0,0,0,0
0.32799999999997453,318380504,1,EXEC,3,3.0,20.101165778934956,2.790069818496704,1.8899993896484375,17.31109596043825,21.66748046875,0.0,1688.0535888671875,1650.0,-1688.0535888671875,1292.0,-1688.0535888671875,1706.0,1688.0535888671875,1672.0,1,1,1,1,1,2,382117,63687,63685,0,0,0,0,0
0.34400000000005093,318400759,1,EXEC,3,3.0,20.101165778934956,2.790069818496704,2.2960052490234375,17.31109596043825,21.66748046875,0.0,1688.0535888671875,1650.0,-1688.0535888671875,1292.0,-1688.0535888671875,1706.0,1688.0535888671875,1672.0,1,1,1,1,1,2,382141,63691,63689,0,0,0,0,0
0.375,318440502,1,EXEC,3,3.0,20.101165778934956,2.790069818496704,2.8400039672851562,17.31109596043825,13.3056640625,0.0,1688.0535888671875,1650.0,-1688.0535888671875,1292.0,-1688.0535888671875,1706.0,1688.0535888671875,1672.0,1,1,1,1,1,2,382189,63699,63697,0,0,0,0,0
0.3910000000000764,318460502,1,EXEC,3,3.0,20.101165778934956,2.790069818496704,3.1270065307617188,17.31109596043825,19.8974609375,0.0,1688.0535888671875,1650.0,-1688.0535888671875,1292.0,-1688.0535888671875,1706.0,1688.0535888671875,1672.0,1,1,1,1,1,2,382213,63703,63701,0,0,0,0,0
0.3910000000000764,318460502,1,EXEC,3,3.0,20.101165778934956,2.790069818496704,3.1270065307617188,17.31109596043825,19.8974609375,0.0,1688.0535888671875,1650.0,-1688.0535888671875,1292.0,-1688.0535888671875,1706.0,1688.0535888671875,1672.0,1,1,1,1,1,2,382213,63703,63701,0,0,0,0,0
0.42200000000002547,318500503,1,EXEC,3,3.0,20.101165778934956,2.790069818496704,3.819000244140625,17.31109596043825,18.49365234375,0.0,1688.0535888671875,1650.0,-1688.0535888671875,1292.0,-1688.0535888671875,1706.0,1688.0535888671875,1672.0,1,1,1,1,1,2,382261,63711,63709,0,0,0,0,0
0.45299999999997453,318520536,1,EXEC,3,3.0,20.101165778934956,2.790069818496704,4.150001525878906,17.31109596043825,18.49365234375,0.0,1688.0535888671875,1650.0,-1688.0535888671875,1292.0,-1688.0535888671875,1706.0,1688.0535888671875,1672.0,1,1,1,1,1,2,382285,63715,63713,0,0,0,0,0
0.45299999999997453,318520536,1,EXEC,3,3.0,20.101165778934956,2.790069818496704,4.150001525878906,17.31109596043825,18.49365234375,0.0,1688.0535888671875,1650.0,-1688.0535888671875,1292.0,-1688.0535888671875,1706.0,1688.0535888671875,1672.0,1,1,1,1,1,2,382285,63715,63713,0,0,0,0,0
0.4839999999999236,318560538,1,EXEC,3,3.0,20.101165778934956,2.790069818496704,4.726005554199219,17.31109596043825,15.68603515625,0.0,1688.0535888671875,1650.0,-1688.0535888671875,1292.0,-1688.0535888671875,1706.0,1688.0535888671875,1672.0,1,1,1,1,1,2,382333,63723,63721,0,0,0,0,0
0.5160000000000764,318580538,1,EXEC,3,3.0,20.101165778934956,6.199341297149658,5.0,13.901824481785297,16.11328125,0.0,1559.9423828125,1498.0,-1559.9423828125,1651.0,-1559.9423828125,1513.0,1559.9423828125,1532.0,1,1,1,1,1,2,382357,63727,63725,0,0,0,0,0
0.5309999999999491,318580538,1,EXEC,3,3.0,20.101165778934956,6.199341297149658,5.0,13.901824481785297,16.11328125,0.0,1559.9423828125,1498.0,-1559.9423828125,1651.0,-1559.9423828125,1513.0,1559.9423828125,1532.0,1,1,1,1,1,2,382357,63727,63725,0,0,0,0,0
0.5470000000000255,318600761,1,EXEC,3,3.0,20.101165778934956,6.199341297149658,5.28900146484375,13.901824481785297,16.11328125,0.0,1559.9423828125,1498.0,-1559.9423828125,1651.0,-1559.9423828125,1513.0,1559.9423828125,1532.0,1,1,1,1,1,2,382381,63731,63729,0,0,0,0,0
0.5630000000001019,318620543,1,EXEC,3,3.0,20.101165778934956,6.199341297149658,5.56500244140625,13.901824481785297,15.13671875,0.0,1559.9423828125,1498.0,-1559.9423828125,1651.0,-1559.9423828125,1513.0,1559.9423828125,1532.0,1,1,1,1,1,2,382405,63735,63733,0,0,0,0,0
0.5940000000000509,318640538,1,EXEC,3,3.0,20.101165778934956,6.199341297149658,5.84100341796875,13.901824481785297,15.13671875,0.0,1559.9423828125,1498.0,-1559.9423828125,1651.0,-1559.9423828125,1513.0,1559.9423828125,1532.0,1,1,1,1,1,2,382429,63739,63737,0,0,0,0,0
0.6089999999999236,318660540,1,EXEC,3,3.0,20.101165778934956,6.199341297149658,6.120002746582031,13.901824481785297,16.845703125,0.0,1559.9423828125,1498.0,-1559.9423828125,1651.0,-1559.9423828125,1513.0,1559.9423828125,1532.0,1,1,1,1,1,2,382453,63743,63741,0,0,0,0,0
0.6089999999999236,318680538,1,EXEC,3,3.0,20.101165778934956,6.199341297149658,6.426002502441406,13.901824481785297,16.845703125,0.0,1559.9423828125,1498.0,-1559.9423828125,1651.0,-1559.9423828125,1513.0,1559.9423828125,1532.0,1,1,1,1,1,2,382477,63747,63745,0,0,0,0,0
0.6559999999999491,318720529,1,EXEC,3,3.0,20.101165778934956,6.199341297149658,6.961006164550781,13.901824481785297,15.31982421875,0.0,1559.9423828125,1498.0,-1559.9423828125,1651.0,-1559.9423828125,1513.0,1559.9423828125,1532.0,1,1,1,1,1,2,382525,63755,63753,0,0,0,0,0
0.6720000000000255,318740502,1,EXEC,3,3.0,20.101165778934956,6.199341297149658,7.2310028076171875,13.901824481785297,17.02880859375,0.0,1559.9423828125,1498.0,-1559.9423828125,1651.0,-1559.9423828125,1513.0,1559.9423828125,1532.0,1,1,1,1,1,2,382549,63759,63757,0,0,0,0,0
0.6880000000001019,318760504,1,EXEC,3,3.0,20.101165778934956,6.199341297149658,7.525001525878906,13.901824481785297,17.02880859375,0.0,1559.9423828125,1498.0,-1559.9423828125,1651.0,-1559.9423828125,1513.0,1559.9423828125,1532.0,1,1,1,1,1,2,382573,63763,63761,0,0,0,0,0
0.7029999999999745,318760504,1,EXEC,3,3.0,20.101165778934956,6.199341297149658,7.525001525878906,13.901824481785297,17.02880859375,0.0,1559.9423828125,1498.0,-1559.9423828125,1651.0,-1559.9423828125,1513.0,1559.9423828125,1532.0,1,1,1,1,1,2,382573,63763,63761,0,0,0,0,0
0.7339999999999236,318780499,1,EXEC,3,3.0,20.101165778934956,9.435578346252441,7.821006774902344,10.665587432682514,16.78466796875,0.0,1362.729736328125,1407.0,-1362.729736328125,1418.0,-1362.729736328125,1315.0,1362.729736328125,1335.0,1,1,1,1,1,2,382597,63767,63765,0,0,0,0,0
0.75,318800718,1,EXEC,3,3.0,20.101165778934956,9.435578346252441,8.120002746582031,10.665587432682514,16.78466796875,0.0,1362.729736328125,1407.0,-1362.729736328125,1418.0,-1362.729736328125,1315.0,1362.729736328125,1335.0,1,1,1,1,1,2,382621,63771,63769,0,0,0,0,0
0.7660000000000764,318800718,1,EXEC,3,3.0,20.101165778934956,9.435578346252441,8.120002746582031,10.665587432682514,16.78466796875,0.0,1362.729736328125,1407.0,-1362.729736328125,1418.0,-1362.729736328125,1315.0,1362.729736328125,1335.0,1,1,1,1,1,2,382621,63771,63769,0,0,0,0,0
0.7809999999999491,318840499,1,EXEC,3,3.0,20.101165778934956,9.435578346252441,8.63800048828125,10.665587432682514,14.34326171875,0.0,1362.729736328125,1407.0,-1362.729736328125,1418.0,-1362.729736328125,1315.0,1362.729736328125,1335.0,1,1,1,1,1,2,382669,63779,63777,0,0,0,0,0
0.7970000000000255,318860504,1,EXEC,3,3.0,20.101165778934956,9.435578346252441,8.89300537109375,10.665587432682514,14.2822265625,0.0,1362.729736328125,1407.0,-1362.729736328125,1418.0,-1362.729736328125,1315.0,1362.729736328125,1335.0,1,1,1,1,1,2,382693,63783,63781,0,0,0,0,0
0.8279999999999745,318900499,1,EXEC,3,3.0,20.101165778934956,9.435578346252441,9.402000427246094,10.665587432682514,13.97705078125,0.0,1362.729736328125,1407.0,-1362.729736328125,1418.0,-1362.729736328125,1315.0,1362.729736328125,1335.0,1,1,1,1,1,2,382741,63791,63789,0,0,0,0,0
0.8440000000000509,318900499,1,EXEC,3,3.0,20.101165778934956,9.435578346252441,9.402000427246094,10.665587432682514,13.97705078125,0.0,1362.729736328125,1407.0,-1362.729736328125,1418.0,-1362.729736328125,1315.0,1362.729736328125,1335.0,1,1,1,1,1,2,382741,63791,63789,0,0,0,0,0
0.875,318940504,1,EXEC,3,3.0,20.101165778934956,9.435578346252441,9.89300537109375,10.665587432682514,12.02392578125,0.0,1362.729736328125,1407.0,-1362.729736328125,1418.0,-1362.729736328125,1315.0,1362.729736328125,1335.0,1,1,1,1,1,2,382789,63799,63797,0,0,0,0,0
0.8910000000000764,318960499,1,EXEC,3,3.0,20.101165778934956,9.435578346252441,10.115005493164062,10.665587432682514,12.02392578125,0.0,1362.729736328125,1407.0,-1362.729736328125,1418.0,-1362.729736328125,1315.0,1362.729736328125,1335.0,1,1,1,1,1,2,382813,63803,63801,0,0,0,0,0
0.9059999999999491,318960499,1,EXEC,3,3.0,20.101165778934956,9.435578346252441,10.115005493164062,10.665587432682514,12.02392578125,0.0,1362.729736328125,1407.0,-1362.729736328125,1418.0,-1362.729736328125,1315.0,1362.729736328125,1335.0,1,1,1,1,1,2,382813,63803,63801,0,0,0,0,0
0.9220000000000255,318980504,1,EXEC,3,3.0,20.101165778934956,9.435578346252441,10.330001831054688,10.665587432682514,12.26806640625,0.0,1362.729736328125,1407.0,-1362.729736328125,1418.0,-1362.729736328125,1315.0,1362.729736328125,1335.0,1,1,1,1,1,2,382837,63807,63805,0,0,0,0,0
0.9529999999999745,319000753,1,EXEC,3,3.0,20.101165778934956,12.157746315002441,10.549003601074219,7.943419463932514,12.26806640625,0.0,1261.478515625,1081.0,-1261.478515625,1265.0,-1261.478515625,1192.0,1261.478515625,1154.0,1,1,1,1,1,2,382861,63811,63809,0,0,0,0,0
0.9690000000000509,319040497,1,EXEC,3,3.0,20.101165778934956,12.157746315002441,11.009002685546875,7.943419463932514,13.61083984375,0.0,1261.478515625,1081.0,-1261.478515625,1265.0,-1261.478515625,1192.0,1261.478515625,1154.0,1,1,1,1,1,2,382909,63819,63817,0,0,0,0,0
0.9839999999999236,319040497,1,EXEC,3,3.0,20.101165778934956,12.157746315002441,11.009002685546875,7.943419463932514,13.61083984375,0.0,1261.478515625,1081.0,-1261.478515625,1265.0,-1261.478515625,1192.0,1261.478515625,1154.0,1,1,1,1,1,2,382909,63819,63817,0,0,0,0,0
1.0160000000000764,319080497,1,EXEC,3,3.0,20.101165778934956,12.157746315002441,11.51800537109375,7.943419463932514,14.95361328125,0.0,1261.478515625,1081.0,-1261.478515625,1265.0,-1261.478515625,1192.0,1261.478515625,1154.0,1,1,1,1,1,2,382957,63827,63825,0,0,0,0,0
1.030999999999949,319100540,1,EXEC,3,3.0,20.101165778934956,12.157746315002441,11.74200439453125,7.943419463932514,11.16943359375,0.0,1261.478515625,1081.0,-1261.478515625,1265.0,-1261.478515625,1192.0,1261.478515625,1154.0,1,1,1,1,1,2,382981,63831,63829,0,0,0,0,0
1.0470000000000255,319120502,1,EXEC,3,3.0,20.101165778934956,12.157746315002441,11.9320068359375,7.943419463932514,11.16943359375,0.0,1261.478515625,1081.0,-1261.478515625,1265.0,-1261.478515625,1192.0,1261.478515625,1154.0,1,1,1,1,1,2,383005,63835,63833,0,0,0,0,0
1.0630000000001019,319120502,1,EXEC,3,3.0,20.101165778934956,12.157746315002441,11.9320068359375,7.943419463932514,11.16943359375,0.0,1261.478515625,1081.0,-1261.478515625,1265.0,-1261.478515625,1192.0,1261.478515625,1154.0,1,1,1,1,1,2,383005,63835,63833,0,0,0,0,0
1.094000000000051,319140499,1,EXEC,3,3.0,20.101165778934956,12.157746315002441,12.131004333496094,7.943419463932514,12.39013671875,0.0,1261.478515625,1081.0,-1261.478515625,1265.0,-1261.478515625,1192.0,1261.478515625,1154.0,1,1,1,1,1,2,383029,63839,63837,0,0,0,0,0
1.1089999999999236,319160538,1,EXEC,3,3.0,20.101165778934956,12.157746315002441,12.342002868652344,7.943419463932514,12.39013671875,0.0,1261.478515625,1081.0,-1261.478515625,1265.0,-1261.478515625,1192.0,1261.478515625,1154.0,1,1,1,1,1,2,383053,63843,63841,0,0,0,0,0
1.125,319180543,1,EXEC,3,3.0,20.101165778934956,14.681855201721191,12.527000427246094,5.419310577213764,10.68115234375,0.0,1134.5084228515625,1070.0,-1134.5084228515625,1057.0,-1134.5084228515625,1129.0,1134.5084228515625,1070.0,1,1,1,1,1,2,383077,63847,63845,0,0,0,0,0
1.1410000000000764,319180543,1,EXEC,3,3.0,20.101165778934956,14.681855201721191,12.527000427246094,5.419310577213764,10.68115234375,0.0,1134.5084228515625,1070.0,-1134.5084228515625,1057.0,-1134.5084228515625,1129.0,1134.5084228515625,1070.0,1,1,1,1,1,2,383077,63847,63845,0,0,0,0,0
1.1720000000000255,319220543,1,EXEC,3,3.0,20.101165778934956,14.681855201721191,12.907005310058594,5.419310577213764,12.14599609375,0.0,1134.5084228515625,1070.0,-1134.5084228515625,1057.0,-1134.5084228515625,1129.0,1134.5084228515625,1070.0,1,1,1,1,1,2,383125,63855,63853,0,0,0,0,0
1.1880000000001019,319240542,1,EXEC,3,3.0,20.101165778934956,14.681855201721191,13.121002197265625,5.419310577213764,12.14599609375,0.0,1134.5084228515625,1070.0,-1134.5084228515625,1057.0,-1134.5084228515625,1129.0,1134.5084228515625,1070.0,1,1,1,1,1,2,383149,63859,63857,0,0,0,0,0
1.2029999999999745,319260524,1,EXEC,3,3.0,20.101165778934956,14.681855201721191,13.327003479003906,5.419310577213764,10.986328125,0.0,1134.5084228515625,1070.0,-1134.5084228515625,1057.0,-1134.5084228515625,1129.0,1134.5084228515625,1070.0,1,1,1,1,1,2,383173,63863,63861,0,0,0,0,0
1.219000000000051,319280499,1,EXEC,3,3.0,20.101165778934956,14.681855201721191,13.534004211425781,5.419310577213764,10.986328125,0.0,1134.5084228515625,1070.0,-1134.5084228515625,1057.0,-1134.5084228515625,1129.0,1134.5084228515625,1070.0,1,1,1,1,1,2,383197,63867,63865,0,0,0,0,0
1.25,319300501,1,EXEC,3,3.0,20.101165778934956,14.681855201721191,13.749000549316406,5.419310577213764,12.14599609375,0.0,1134.5084228515625,1070.0,-1134.5084228515625,1057.0,-1134.5084228515625,1129.0,1134.5084228515625,1070.0,1,1,1,1,1,2,383221,63871,63869,0,0,0,0,0
1.2660000000000764,319320491,1,EXEC,3,3.0,20.101165778934956,14.681855201721191,13.97900390625,5.419310577213764,12.14599609375,0.0,1134.5084228515625,1070.0,-1134.5084228515625,1057.0,-1134.5084228515625,1129.0,1134.5084228515625,1070.0,1,1,1,1,1,2,383245,63875,63873,0,0,0,0,0
1.280999999999949,319340502,1,EXEC,3,3.0,20.101165778934956,14.681855201721191,14.199005126953125,5.419310577213764,10.92529296875,0.0,1134.5084228515625,1070.0,-1134.5084228515625,1057.0,-1134.5084228515625,1129.0,1134.5084228515625,1070.0,1,1,1,1,1,2,383269,63879,63877,0,0,0,0,0
1.2970000000000255,319360502,1,EXEC,3,3.0,20.101165778934956,14.681855201721191,14.402999877929688,5.419310577213764,10.92529296875,0.0,1134.5084228515625,1070.0,-1134.5084228515625,1057.0,-1134.5084228515625,1129.0,1134.5084228515625,1070.0,1,1,1,1,1,2,383293,63883,63881,0,0,0,0,0
1.3279999999999745,319380499,1,EXEC,3,3.0,20.101165778934956,16.994935989379883,14.620010375976562,3.106229789555073,11.8408203125,0.0,984.9049072265625,954.0,-984.9049072265625,1005.0,-984.9049072265625,993.0,984.9049072265625,986.0,1,1,1,1,1,2,383317,63887,63885,0,0,0,0,0
1.3589999999999236,319400729,1,EXEC,3,3.0,20.101165778934956,16.994935989379883,14.839996337890625,3.106229789555073,11.8408203125,0.0,984.9049072265625,954.0,-984.9049072265625,1005.0,-984.9049072265625,993.0,984.9049072265625,986.0,1,1,1,1,1,2,383341,63891,63889,0,0,0,0,0
1.375,319440497,1,EXEC,3,3.0,20.101165778934956,16.994935989379883,15.232009887695312,3.106229789555073,10.7421875,0.0,984.9049072265625,954.0,-984.9049072265625,1005.0,-984.9049072265625,993.0,984.9049072265625,986.0,1,1,1,1,1,2,383389,63899,63897,0,0,0,0,0
1.3910000000000764,319440497,1,EXEC,3,3.0,20.101165778934956,16.994935989379883,15.232009887695312,3.106229789555073,10.7421875,0.0,984.9049072265625,954.0,-984.9049072265625,1005.0,-984.9049072265625,993.0,984.9049072265625,986.0,1,1,1,1,1,2,383389,63899,63897,0,0,0,0,0
1.405999999999949,319460497,1,EXEC,3,3.0,20.101165778934956,16.994935989379883,15.421005249023438,3.106229789555073,10.68115234375,0.0,984.9049072265625,954.0,-984.9049072265625,1005.0,-984.9049072265625,993.0,984.9049072265625,986.0,1,1,1,1,1,2,383413,63903,63901,0,0,0,0,0
1.4220000000000255,319480495,1,EXEC,3,3.0,20.101165778934956,16.994935989379883,15.598007202148438,3.106229789555073,10.68115234375,0.0,984.9049072265625,954.0,-984.9049072265625,1005.0,-984.9049072265625,993.0,984.9049072265625,986.0,1,1,1,1,1,2,383437,63907,63905,0,0,0,0,0
1.4380000000001019,319500515,1,EXEC,3,3.0,20.101165778934956,16.994935989379883,15.764999389648438,3.106229789555073,9.521484375,0.0,984.9049072265625,954.0,-984.9049072265625,1005.0,-984.9049072265625,993.0,984.9049072265625,986.0,1,1,1,1,1,2,383461,63911,63909,0,0,0,0,0
1.469000000000051,319540495,1,EXEC,3,3.0,20.101165778934956,16.994935989379883,16.113006591796875,3.106229789555073,10.55908203125,0.0,984.9049072265625,954.0,-984.9049072265625,1005.0,-984.9049072265625,993.0,984.9049072265625,986.0,1,1,1,1,1,2,383509,63919,63917,0,0,0,0,0
1.4839999999999236,319540495,1,EXEC,3,3.0,20.101165778934956,16.994935989379883,16.113006591796875,3.106229789555073,10.55908203125,0.0,984.9049072265625,954.0,-984.9049072265625,1005.0,-984.9049072265625,993.0,984.9049072265625,986.0,1,1,1,1,1,2,383509,63919,63917,0,0,0,0,0
1.5160000000000764,319580492,1,EXEC,3,3.0,20.101165778934956,16.994935989379883,16.46600341796875,3.106229789555073,9.58251953125,0.0,984.9049072265625,954.0,-984.9049072265625,1005.0,-984.9049072265625,993.0,984.9049072265625,986.0,1,1,1,1,1,2,383556,63927,63925,0,0,0,0,0
1.530999999999949,319580492,1,EXEC,3,3.0,20.101165778934956,19.055330276489258,16.46600341796875,1.0458355024456978,9.58251953125,0.0,893.509521484375,848.0,-893.509521484375,811.0,-893.509521484375,871.0,893.509521484375,878.0,1,1,1,1,1,2,383556,63927,63925,0,0,0,0,0
1.5470000000000255,319580492,1,EXEC,3,3.0,20.101165778934956,19.055330276489258,16.46600341796875,1.0458355024456978,9.58251953125,0.0,893.509521484375,848.0,-893.509521484375,811.0,-893.509521484375,871.0,893.509521484375,878.0,1,1,1,1,1,2,383556,63927,63925,0,0,0,0,0
1.5630000000001019,319640537,1,EXEC,3,3.0,20.101165778934956,19.055330276489258,16.996002197265625,1.0458355024456978,9.70458984375,0.0,893.509521484375,848.0,-893.509521484375,811.0,-893.509521484375,871.0,893.509521484375,878.0,1,1,1,1,1,2,383629,63939,63937,0,0,0,0,0
1.5779999999999745,319640537,1,EXEC,3,3.0,20.101165778934956,19.055330276489258,16.996002197265625,1.0458355024456978,9.70458984375,0.0,893.509521484375,848.0,-893.509521484375,811.0,-893.509521484375,871.0,893.509521484375,878.0,1,1,1,1,1,2,383629,63939,63937,0,0,0,0,0
1.6089999999999236,319680541,1,EXEC,3,3.0,20.101165778934956,19.055330276489258,17.0260009765625,1.0458355024456978,1.89208984375,0.0,893.509521484375,848.0,-893.509521484375,811.0,-893.509521484375,871.0,893.509521484375,878.0,1,1,1,1,1,2,383677,63947,63945,0,0,0,0,0
1.625,319700537,1,EXEC,3,3.0,20.101165778934956,19.055330276489258,16.951995849609375,1.0458355024456978,-2.44140625,0.0,893.509521484375,848.0,-893.509521484375,811.0,-893.509521484375,871.0,893.509521484375,878.0,1,1,1,1,1,2,383701,63951,63949,0,0,0,0,0
1.6410000000000764,319720496,1,EXEC,3,3.0,20.101165778934956,19.055330276489258,16.847000122070312,1.0458355024456978,-2.44140625,0.0,893.509521484375,848.0,-893.509521484375,811.0,-893.509521484375,871.0,893.509521484375,878.0,1,1,1,1,1,2,383724,63955,63953,0,0,0,0,0
1.6720000000000255,319740497,1,EXEC,3,3.0,20.101165778934956,19.055330276489258,16.707000732421875,1.0458355024456978,-0.3662109375,0.0,893.509521484375,848.0,-893.509521484375,811.0,-893.509521484375,871.0,893.509521484375,878.0,1,1,1,1,1,2,383749,63959,63957,0,0,0,0,0
1.6880000000001019,319760499,1,EXEC,3,3.0,20.101165778934956,19.055330276489258,16.634002685546875,1.0458355024456978,-0.3662109375,0.0,893.509521484375,848.0,-893.509521484375,811.0,-893.509521484375,871.0,893.509521484375,878.0,1,1,1,1,1,2,383773,63963,63961,0,0,0,0,0
1.7029999999999745,319780496,1,EXEC,3,3.0,20.101165778934956,19.055330276489258,16.611007690429688,1.0458355024456978,0.30517578125,0.0,893.509521484375,848.0,-893.509521484375,811.0,-893.509521484375,871.0,893.509521484375,878.0,1,1,1,1,1,2,383797,63967,63965,0,0,0,0,0
1.7339999999999236,319780496,1,EXEC,3,3.0,20.101165778934956,19.488679885864258,16.611007690429688,0.6124858930706978,0.30517578125,0.0,32.253089904785156,0.0,-32.253089904785156,0.0,-32.253089904785156,0.0,32.253089904785156,0.0,1,1,1,1,1,2,383797,63967,63965,0,0,0,0,0
1.75,319800730,1,EXEC,3,3.0,20.101165778934956,19.488679885864258,16.587997436523438,0.6124858930706978,0.30517578125,0.0,32.253089904785156,0.0,-32.253089904785156,0.0,-32.253089904785156,0.0,32.253089904785156,0.0,1,1,1,1,1,2,383821,63971,63969,0,0,0,0,0
1.7660000000000764,319820497,1,EXEC,3,3.0,20.101165778934956,19.488679885864258,16.563003540039062,0.6124858930706978,0.06103515625,0.0,32.253089904785156,0.0,-32.253089904785156,0.0,-32.253089904785156,0.0,32.253089904785156,0.0,1,1,1,1,1,2,383845,63975,63973,0,0,0,0,0
1.780999999999949,319840496,1,EXEC,3,3.0,20.101165778934956,19.488679885864258,16.535995483398438,0.6124858930706978,0.06103515625,0.0,32.253089904785156,0.0,-32.253089904785156,0.0,-32.253089904785156,0.0,32.253089904785156,0.0,1,1,1,1,1,2,383869,63979,63977,0,0,0,0,0
1.8130000000001019,319860499,1,EXEC,3,3.0,20.101165778934956,19.488679885864258,16.510009765625,0.6124858930706978,0.06103515625,0.0,32.253089904785156,0.0,-32.253089904785156,0.0,-32.253089904785156,0.0,32.253089904785156,0.0,1,1,1,1,1,2,383892,63983,63981,0,0,0,0,0
1.8279999999999745,319880497,1,EXEC,3,3.0,20.101165778934956,19.488679885864258,15.8590087890625,0.6124858930706978,0.06103515625,0.0,32.253089904785156,0.0,-32.253089904785156,0.0,-32.253089904785156,0.0,32.253089904785156,0.0,1,1,1,1,1,2,383917,63987,63985,0,0,0,0,0
1.8279999999999745,319900533,2,SUCCESS,3,0.0,20.101165778934956,19.496614456176758,11.075004577636719,0.6045513227581978,0.06103515625,0.0,0.0,0.0,0.0,0.0,0.0,0.0,0.0,0.0,1,1,1,1,1,2,383941,63991,63989,0,0,0,0,0
1.8910000000000764,319940354,2,SUCCESS,3,0.0,20.101165778934956,19.496614456176758,11.639999389648438,0.6045513227581978,0.06103515625,0.0,0.0,0.0,0.0,0.0,0.0,0.0,0.0,0.0,1,1,1,1,1,2,383988,63999,63997,0,0,0,0,0
1.8910000000000764,319940354,2,SUCCESS,3,0.0,20.101165778934956,19.496614456176758,11.639999389648438,0.6045513227581978,0.06103515625,0.0,0.0,0.0,0.0,0.0,0.0,0.0,0.0,0.0,1,1,1,1,1,2,383988,63999,63997,0,0,0,0,0
1.8910000000000764,319960353,2,SUCCESS,3,0.0,20.101165778934956,19.496614456176758,11.641006469726562,0.6045513227581978,0.06103515625,0.0,0.0,0.0,0.0,0.0,0.0,0.0,0.0,0.0,1,1,1,1,1,2,384012,64003,64001,0,0,0,0,0
1.9380000000001019,319980355,2,SUCCESS,3,0.0,20.101165778934956,19.502717971801758,11.641006469726562,0.5984478071331978,0.06103515625,0.0,0.0,0.0,0.0,0.0,0.0,0.0,0.0,0.0,1,1,1,1,1,2,384036,64007,64005,0,0,0,0,0
1.9529999999999745,319980355,2,SUCCESS,3,0.0,20.101165778934956,19.502717971801758,11.641006469726562,0.5984478071331978,0.06103515625,0.0,0.0,0.0,0.0,0.0,0.0,0.0,0.0,0.0,1,1,1,1,1,2,384036,64007,64005,0,0,0,0,0
1.969000000000051,320020345,2,SUCCESS,3,0.0,20.101165778934956,19.502717971801758,11.64300537109375,0.5984478071331978,0.06103515625,0.0,0.0,0.0,0.0,0.0,0.0,0.0,0.0,0.0,1,1,1,1,1,2,384084,64015,64013,0,0,0,0,0
1.969000000000051,320040345,2,SUCCESS,3,0.0,20.101165778934956,19.502717971801758,11.645004272460938,0.5984478071331978,0.06103515625,0.0,0.0,0.0,0.0,0.0,0.0,0.0,0.0,0.0,1,1,1,1,1,2,384108,64019,64017,0,0,0,0,0
2.0160000000000764,320080345,2,SUCCESS,3,0.0,20.101165778934956,19.502717971801758,11.645004272460938,0.5984478071331978,0.06103515625,0.0,0.0,0.0,0.0,0.0,0.0,0.0,0.0,0.0,1,1,1,1,1,2,384156,64027,64025,0,0,0,0,0
2.030999999999949,320100346,2,SUCCESS,3,0.0,20.101165778934956,19.502717971801758,11.645004272460938,0.5984478071331978,0.06103515625,0.0,0.0,0.0,0.0,0.0,0.0,0.0,0.0,0.0,1,1,1,1,1,2,384180,64031,64029,0,0,0,0,0
2.0470000000000255,320120347,2,SUCCESS,3,0.0,20.101165778934956,19.502717971801758,11.645004272460938,0.5984478071331978,0.06103515625,0.0,0.0,0.0,0.0,0.0,0.0,0.0,0.0,0.0,1,1,1,1,1,2,384204,64035,64033,0,0,0,0,0
2.063000000000102,320120347,2,SUCCESS,3,0.0,20.101165778934956,19.502717971801758,11.645004272460938,0.5984478071331978,0.06103515625,0.0,0.0,0.0,0.0,0.0,0.0,0.0,0.0,0.0,1,1,1,1,1,2,384204,64035,64033,0,0,0,0,0
2.094000000000051,320160345,2,SUCCESS,3,0.0,20.101165778934956,19.502717971801758,11.646003723144531,0.5984478071331978,0.06103515625,0.0,0.0,0.0,0.0,0.0,0.0,0.0,0.0,0.0,1,1,1,1,1,2,384252,64043,64041,0,0,0,0,0
2.1089999999999236,320160345,2,SUCCESS,3,0.0,20.101165778934956,19.502717971801758,11.646003723144531,0.5984478071331978,0.06103515625,0.0,0.0,0.0,0.0,0.0,0.0,0.0,0.0,0.0,1,1,1,1,1,2,384252,64043,64041,0,0,0,0,0
2.125,320180347,2,SUCCESS,3,0.0,20.101165778934956,19.502717971801758,11.647003173828125,0.5984478071331978,0.06103515625,0.0,0.0,0.0,0.0,0.0,0.0,0.0,0.0,0.0,1,1,1,1,1,2,384276,64047,64045,0,0,0,0,0
2.1410000000000764,320180347,2,SUCCESS,3,0.0,20.101165778934956,19.514925003051758,11.647003173828125,0.5862407758831978,0.06103515625,0.0,0.0,0.0,0.0,0.0,0.0,0.0,0.0,0.0,1,1,1,1,1,2,384276,64047,64045,0,0,0,0,0
2.1720000000000255,320220348,2,SUCCESS,3,0.0,20.101165778934956,19.514925003051758,11.647003173828125,0.5862407758831978,0.0,0.0,0.0,0.0,0.0,0.0,0.0,0.0,0.0,0.0,1,1,1,1,1,2,384324,64055,64053,0,0,0,0,0
2.1720000000000255,320240347,2,SUCCESS,3,0.0,20.101165778934956,19.514925003051758,11.647003173828125,0.5862407758831978,0.0,0.0,0.0,0.0,0.0,0.0,0.0,0.0,0.0,0.0,1,1,1,1,1,2,384348,64059,64057,0,0,0,0,0
