pc_time,elapsed_s,phase,direction_deg,target_speed_mps,target_vx_mps,target_vy_mps,stm32_cmd_speed_mps,stm32_cmd_speed_magnitude_mps,stm32_cmd_vx_mps,stm32_cmd_vy_mps,stm32_cmd_wz_radps,actual_speed_mps,actual_speed_magnitude_mps,actual_vx_mps,actual_vy_mps,actual_wz_radps,speed_error_mps,feedback_valid,status_frame_count,status_age_s,stm32_uart_rx_callback_count,stm32_v2_valid_count,stm32_rx_discarded_byte_count,status,odom_x_m,odom_y_m,odom_yaw_deg,lf_target_erpm,lf_feedback_erpm,rf_target_erpm,rf_feedback_erpm,lb_target_erpm,lb_feedback_erpm,rb_target_erpm,rb_feedback_erpm
2026-08-02T15:52:55.464,0.000000,min_hold,315.000000,0.060000,0.042426,-0.042426,0.000000,0.000000,0.000000,0.000000,0.000000,-0.000000,0.000000,-0.000000,0.000000,0.000889,0.060000,1,110,0.031000,0,0,0,0,-0.000005,0.000005,0.222626,0.000,0.000,0.000,0.000,0.000,0.000,0.000,0.000
2026-08-02T15:52:55.516,0.063000,min_hold,315.000000,0.060000,0.042426,-0.042426,0.000000,0.000000,0.000000,0.000000,0.000000,-0.000000,0.000000,-0.000000,0.000000,0.000949,0.060000,1,111,0.032000,0,0,0,0,-0.000005,0.000005,0.225372,0.000,0.000,0.000,0.000,0.000,0.000,0.000,0.000
2026-08-02T15:52:55.554,0.094000,min_hold,315.000000,0.060000,0.042426,-0.042426,0.017500,0.017500,0.012374,-0.012374,0.000000,0.000543,0.000543,0.000384,-0.000384,0.000980,0.059457,1,112,0.016000,1,1,0,1,0.000012,0.000022,0.227814,-1000.000,-189.000,0.000,-0.000,0.000,-0.000,1000.000,24.000
2026-08-02T15:52:55.610,0.156000,min_hold,315.000000,0.060000,0.042426,-0.042426,0.035000,0.035000,0.024749,-0.024749,0.000000,0.013749,0.013749,0.009733,-0.009712,-0.011081,0.046251,1,113,0.031000,3,3,0,1,0.000672,0.000686,0.127869,-942.333,-612.000,0.000,-0.000,0.000,-1.000,1000.000,428.000
2026-08-02T15:52:55.655,0.203000,min_hold,315.000000,0.060000,0.042426,-0.042426,0.052500,0.052500,0.037123,-0.037123,0.000000,0.025630,0.025630,0.018124,-0.018122,0.003494,0.034370,1,114,0.031000,4,4,0,1,0.001729,0.001749,0.172119,-1154.613,-766.000,0.000,-0.000,0.000,-0.000,1156.307,764.000
2026-08-02T15:52:55.702,0.250000,min_hold,315.000000,0.060000,0.042426,-0.042426,0.059397,0.059397,0.042000,-0.042000,0.000000,0.037317,0.037317,0.026398,-0.026377,-0.004305,0.022683,1,115,0.031000,5,5,0,1,0.003181,0.003209,0.160980,-1306.821,-1012.000,0.000,-0.000,0.000,-0.000,1310.183,996.000
2026-08-02T15:52:55.753,0.297000,min_hold,315.000000,0.060000,0.042426,-0.042426,0.059397,0.059397,0.042000,-0.042000,0.000000,0.048050,0.048050,0.033973,-0.033980,0.011455,0.011950,1,116,0.016000,6,6,0,1,0.005019,0.005058,0.193787,-1306.821,-1216.000,0.000,-0.000,0.000,-0.000,1310.183,1229.000
2026-08-02T15:52:55.807,0.344000,min_hold,315.000000,0.060000,0.042426,-0.042426,0.059397,0.059397,0.042000,-0.042000,0.000000,0.055055,0.055055,0.038928,-0.038931,0.009656,0.004945,1,117,0.016000,7,7,0,1,0.007061,0.007115,0.225983,-1306.821,-1300.000,0.000,-0.000,0.000,-0.000,1310.183,1309.000
2026-08-02T15:52:55.863,0.406000,min_hold,315.000000,0.060000,0.042426,-0.042426,0.059397,0.059397,0.042000,-0.042000,0.000000,0.056670,0.056670,0.040077,-0.040066,0.001635,0.003330,1,118,0.031000,8,8,0,1,0.009077,0.009148,0.223999,-1306.821,-1255.000,0.000,-0.000,0.000,-1.000,1310.183,1249.000
2026-08-02T15:52:55.909,0.453000,min_hold,315.000000,0.060000,0.042426,-0.042426,0.059397,0.059397,0.042000,-0.042000,0.000000,0.054485,0.054485,0.038525,-0.038528,0.009411,0.005515,1,119,0.031000,8,8,0,1,0.010982,0.011067,0.232697,-1306.821,-1186.000,0.000,-0.000,0.000,-3.000,1310.183,1103.000
2026-08-02T15:52:55.957,0.500000,min_hold,315.000000,0.060000,0.042426,-0.042426,0.059397,0.059397,0.042000,-0.042000,0.000000,0.052933,0.052933,0.037437,-0.037422,-0.005166,0.007067,1,120,0.031000,10,10,0,1,0.012813,0.012909,0.213165,-1306.821,-1202.000,0.000,1.000,0.000,-0.000,1310.183,1113.000
2026-08-02T15:52:56.007,0.547000,min_hold,315.000000,0.060000,0.042426,-0.042426,0.059397,0.059397,0.042000,-0.042000,0.000000,0.053453,0.053453,0.037788,-0.037806,-0.001075,0.006547,1,121,0.016000,11,11,0,1,0.014690,0.014799,0.202179,-1306.821,-1238.000,0.000,1.000,0.000,-0.000,1310.183,1172.000
2026-08-02T15:52:56.061,0.610000,min_hold,315.000000,0.060000,0.042426,-0.042426,0.059397,0.059397,0.042000,-0.042000,0.000000,0.055710,0.055710,0.039388,-0.039399,-0.003985,0.004290,1,122,0.032000,12,12,0,1,0.016677,0.016800,0.189209,-1306.821,-1292.000,0.000,-0.000,0.000,-0.000,1310.183,1252.000
2026-08-02T15:52:56.102,0.641000,min_hold,315.000000,0.060000,0.042426,-0.042426,0.059397,0.059397,0.042000,-0.042000,0.000000,0.058621,0.058621,0.041449,-0.041453,-0.006070,0.001379,1,123,0.016000,13,13,0,1,0.018786,0.018922,0.166931,-1306.821,-1312.000,0.000,-0.000,0.000,-0.000,1310.183,1346.000
2026-08-02T15:52:56.161,0.703000,min_hold,315.000000,0.060000,0.042426,-0.042426,0.059397,0.059397,0.042000,-0.042000,0.000000,0.058784,0.058784,0.041581,-0.041551,0.018429,0.001216,1,124,0.031000,14,14,0,1,0.020866,0.021032,0.214539,-1306.821,-1157.000,0.000,-6.000,0.000,-4.000,1310.183,1319.000
2026-08-02T15:52:56.208,0.750000,min_hold,315.000000,0.060000,0.042426,-0.042426,0.059397,0.059397,0.042000,-0.042000,0.000000,0.055329,0.055329,0.039213,-0.039034,0.001571,0.004671,1,125,0.015000,15,15,0,1,0.022777,0.022961,0.201721,-1306.821,-1114.000,0.000,-6.000,0.000,-0.000,1310.183,1200.000
2026-08-02T15:52:56.259,0.797000,min_hold,315.000000,0.060000,0.042426,-0.042426,0.059397,0.059397,0.042000,-0.042000,0.000000,0.052912,0.052912,0.037451,-0.037379,-0.002956,0.007088,1,126,0.016000,16,16,0,1,0.024602,0.024799,0.208130,-1306.821,-1114.000,0.000,-0.000,0.000,3.000,1310.183,1154.000
2026-08-02T15:52:56.313,0.860000,min_hold,315.000000,0.060000,0.042426,-0.042426,0.059397,0.059397,0.042000,-0.042000,0.000000,0.053289,0.053289,0.037692,-0.037670,0.001533,0.006711,1,127,0.032000,17,17,0,1,0.026471,0.026683,0.215149,-1306.821,-1175.000,0.000,-0.000,0.000,-0.000,1310.183,1211.000
2026-08-02T15:52:56.354,0.891000,min_hold,315.000000,0.060000,0.042426,-0.042426,0.059397,0.059397,0.042000,-0.042000,0.000000,0.056132,0.056132,0.039694,-0.039689,0.006175,0.003868,1,128,0.016000,18,18,0,1,0.028483,0.028710,0.235748,-1306.821,-1275.000,0.000,-0.000,0.000,-0.000,1310.183,1327.000
2026-08-02T15:52:56.414,0.953000,min_hold,315.000000,0.060000,0.042426,-0.042426,0.059397,0.059397,0.042000,-0.042000,0.000000,0.059348,0.059348,0.041966,-0.041965,0.004742,0.000652,1,129,0.031000,19,19,0,1,0.030715,0.030962,0.246277,-1306.821,-1346.000,0.000,-0.000,0.000,-0.000,1310.183,1368.000
2026-08-02T15:52:56.462,1.000000,sine_up,315.000000,0.060000,0.042426,-0.042426,0.059397,0.059397,0.042000,-0.042000,0.000000,0.059804,0.059804,0.042291,-0.042285,-0.001741,0.000196,1,130,0.031000,19,19,0,1,0.032840,0.033105,0.247498,-1306.821,-1293.000,0.000,-0.000,0.000,-0.000,1310.183,1315.000
2026-08-02T15:52:56.513,1.063000,sine_up,315.000000,0.060086,0.042487,-0.042487,0.059397,0.059397,0.042000,-0.042000,0.000000,0.055869,0.055869,0.039514,-0.039497,-0.018965,0.004216,1,131,0.032000,21,21,0,1,0.034765,0.035046,0.218506,-1306.821,-1141.000,0.000,-0.000,0.000,2.000,1310.183,1198.000
2026-08-02T15:52:56.552,1.094000,sine_up,315.000000,0.060191,0.042561,-0.042561,0.059397,0.059397,0.042000,-0.042000,0.000000,0.054893,0.054893,0.038826,-0.038805,-0.016652,0.005298,1,132,0.016000,21,21,0,1,0.036666,0.036958,0.132294,-1306.821,-1254.000,0.000,1.000,0.000,-1.000,1310.183,1179.000
2026-08-02T15:52:56.609,1.156000,sine_up,315.000000,0.060525,0.042797,-0.042797,0.060811,0.060811,0.043000,-0.043000,0.000000,0.057026,0.057026,0.040310,-0.040337,-0.002570,0.003499,1,133,0.031000,23,23,0,1,0.038704,0.039005,0.131073,-1338.031,-1332.000,0.000,1.000,0.000,-0.000,1341.735,1295.000
2026-08-02T15:52:56.653,1.188000,sine_up,315.000000,0.060762,0.042965,-0.042965,0.060811,0.060811,0.043000,-0.043000,0.000000,0.060476,0.060476,0.042756,-0.042770,0.001442,0.000286,1,134,0.016000,24,24,0,1,0.040884,0.041196,0.131683,-1338.031,-1376.000,0.000,-0.000,0.000,-0.000,1341.735,1399.000
2026-08-02T15:52:56.716,1.266000,sine_up,315.000000,0.061522,0.043503,-0.043503,0.060811,0.060811,0.043000,-0.043000,0.000000,0.062573,0.062573,0.044202,-0.044290,0.019255,-0.001051,1,135,0.047000,25,25,0,1,0.043121,0.043439,0.184937,-1338.031,-1341.000,0.000,-0.000,0.000,-0.000,1341.735,1423.000
2026-08-02T15:52:56.751,1.297000,sine_up,315.000000,0.061896,0.043767,-0.043767,0.060811,0.060811,0.043000,-0.043000,0.000000,0.062573,0.062573,0.044202,-0.044290,0.019255,-0.000677,1,135,0.078000,25,25,0,1,0.043121,0.043439,0.184937,-1338.031,-1341.000,0.000,-0.000,0.000,-0.000,1341.735,1423.000
2026-08-02T15:52:56.805,1.344000,sine_up,315.000000,0.062539,0.044222,-0.044222,0.060811,0.060811,0.043000,-0.043000,0.000000,0.062573,0.062573,0.044202,-0.044290,0.019255,-0.000034,1,135,0.125000,25,25,0,1,0.043121,0.043439,0.184937,-1338.031,-1341.000,0.000,-0.000,0.000,-0.000,1341.735,1423.000
2026-08-02T15:52:56.861,1.406000,sine_up,315.000000,0.063529,0.044922,-0.044922,0.060811,0.060811,0.043000,-0.043000,0.000000,0.060445,0.060445,0.042736,-0.042746,0.003015,0.003084,1,136,0.031000,25,25,0,1,0.045243,0.045575,0.204926,-1338.031,-1192.000,0.000,-0.000,0.000,3.000,1341.735,1313.000
2026-08-02T15:52:56.906,1.453000,sine_up,315.000000,0.064384,0.045526,-0.045526,0.060811,0.060811,0.043000,-0.043000,0.000000,0.060445,0.060445,0.042736,-0.042746,0.003015,0.003939,1,136,0.078000,25,25,0,1,0.045243,0.045575,0.204926,-1338.031,-1192.000,0.000,-0.000,0.000,3.000,1341.735,1313.000
2026-08-02T15:52:56.954,1.500000,sine_up,315.000000,0.065328,0.046194,-0.046194,0.063640,0.063640,0.045000,-0.045000,0.000000,0.062428,0.062428,0.044123,-0.044163,0.004099,0.002901,1,140,0.031000,29,29,0,1,0.053452,0.053831,0.193329,-1400.451,-1418.000,0.000,-1.000,0.000,-0.000,1404.839,1424.000
2026-08-02T15:52:57.004,1.547000,sine_up,315.000000,0.066361,0.046924,-0.046924,0.065054,0.065054,0.046000,-0.046000,0.000000,0.064514,0.064514,0.045623,-0.045613,0.003119,0.001847,1,141,0.016000,31,31,0,1,0.055753,0.056148,0.204773,-1431.661,-1437.000,0.000,-1.000,0.000,-0.000,1436.391,1448.000
2026-08-02T15:52:57.058,1.594000,sine_up,315.000000,0.067480,0.047716,-0.047716,0.066468,0.066468,0.047000,-0.047000,0.000000,0.063405,0.063405,0.044839,-0.044830,-0.005491,0.004075,1,142,0.016000,32,32,0,1,0.057972,0.058382,0.189514,-1462.871,-1383.000,0.000,-0.000,0.000,-0.000,1467.943,1334.000
2026-08-02T15:52:57.115,1.656000,sine_up,315.000000,0.069087,0.048852,-0.048852,0.067882,0.067882,0.048000,-0.048000,0.000000,0.062223,0.062223,0.043999,-0.043997,-0.002623,0.006864,1,143,0.031000,33,33,0,1,0.060152,0.060576,0.179138,-1494.081,-1355.000,0.000,-0.000,0.000,-0.000,1499.495,1344.000
2026-08-02T15:52:57.159,1.703000,sine_up,315.000000,0.070402,0.049781,-0.049781,0.067882,0.067882,0.048000,-0.048000,0.000000,0.064394,0.064394,0.045533,-0.045534,0.001750,0.006008,1,144,0.031000,33,33,0,1,0.062433,0.062872,0.183716,-1494.081,-1494.000,0.000,-0.000,0.000,-0.000,1499.495,1492.000
2026-08-02T15:52:57.207,1.750000,sine_up,315.000000,0.071797,0.050768,-0.050768,0.070711,0.070711,0.050000,-0.050000,0.000000,0.068794,0.068794,0.048627,-0.048663,0.006340,0.003003,1,145,0.031000,35,35,0,1,0.064914,0.065370,0.203705,-1556.501,-1579.000,0.000,-0.000,0.000,-0.000,1562.598,1600.000
2026-08-02T15:52:57.257,1.797000,sine_up,315.000000,0.073272,0.051811,-0.051811,0.072125,0.072125,0.051000,-0.051000,0.000000,0.071850,0.071850,0.050800,-0.050811,-0.000146,0.001422,1,146,0.016000,36,36,0,1,0.067499,0.067974,0.212402,-1587.711,-1581.000,0.000,-0.000,0.000,-0.000,1594.151,1601.000
2026-08-02T15:52:57.311,1.860000,sine_up,315.000000,0.075370,0.053295,-0.053295,0.073539,0.073539,0.052000,-0.052000,0.000000,0.071433,0.071433,0.050514,-0.050507,-0.004078,0.003937,1,147,0.032000,37,37,0,1,0.070011,0.070504,0.195007,-1618.921,-1582.000,0.000,-0.000,0.000,2.000,1625.702,1519.000
2026-08-02T15:52:57.351,1.891000,sine_up,315.000000,0.076452,0.054059,-0.054059,0.074953,0.074953,0.053000,-0.053000,0.000000,0.070949,0.070949,0.050172,-0.050165,-0.002553,0.005503,1,148,0.016000,38,38,0,1,0.072490,0.072999,0.188599,-1650.132,-1612.000,0.000,-0.000,0.000,-0.000,1657.255,1544.000
2026-08-02T15:52:57.411,1.953000,sine_up,315.000000,0.078710,0.055656,-0.055656,0.076368,0.076368,0.054000,-0.054000,0.000000,0.073270,0.073270,0.051811,-0.051809,0.006380,0.005440,1,149,0.031000,39,39,0,1,0.075095,0.075622,0.199585,-1681.341,-1690.000,0.000,-0.000,0.000,-0.000,1688.806,1653.000
2026-08-02T15:52:57.458,2.000000,sine_up,315.000000,0.080503,0.056924,-0.056924,0.078118,0.078118,0.055237,-0.055237,0.000000,0.076822,0.076822,0.054322,-0.054321,0.006581,0.003680,1,150,0.031000,40,40,0,1,0.077846,0.078393,0.218506,-1719.962,-1713.000,0.000,-0.000,0.000,-0.000,1727.850,1723.000
2026-08-02T15:52:57.509,2.047000,sine_up,315.000000,0.082363,0.058239,-0.058239,0.081132,0.081132,0.057369,-0.057369,-0.000099,0.077353,0.077353,0.054697,-0.054697,0.000661,0.005010,1,151,0.016000,41,41,0,1,0.080591,0.081160,0.223541,-1787.006,-1689.000,0.000,-0.000,0.000,-0.000,1794.558,1678.000
2026-08-02T15:52:57.563,2.110000,sine_up,315.000000,0.084958,0.060074,-0.060074,0.082768,0.082768,0.058528,-0.058523,-0.000317,0.077390,0.077390,0.054707,-0.054739,0.001918,0.007568,1,152,0.032000,42,42,0,1,0.083322,0.083905,0.225220,-1824.281,-1707.000,1000.000,2.000,1000.000,-0.000,1829.888,1711.000
2026-08-02T15:52:57.604,2.141000,sine_up,315.000000,0.086276,0.061006,-0.061006,0.082418,0.082418,0.058117,-0.058439,-0.001244,0.079589,0.079601,0.057284,-0.055271,0.006126,0.006687,1,153,0.016000,42,42,0,1,0.086087,0.086792,0.242157,-1821.509,-1817.000,1000.000,2.000,1000.000,361.000,1817.075,1803.000
2026-08-02T15:52:57.663,2.203000,sine_up,315.000000,0.088989,0.062924,-0.062924,0.086829,0.086830,0.061682,-0.061112,0.009689,0.082789,0.082827,0.056754,-0.060327,-0.045719,0.006200,1,154,0.031000,44,44,0,1,0.089789,0.089052,0.061340,-1860.452,-1921.000,-1000.000,613.000,-1000.000,2.000,1974.536,1791.000
2026-08-02T15:52:57.711,2.250000,sine_up,315.000000,0.091110,0.064425,-0.064425,0.086273,0.086289,0.062193,-0.059816,0.000462,0.086269,0.086904,0.053584,-0.068418,0.008764,0.004842,1,155,0.031000,44,44,0,1,0.092856,0.092124,0.121765,-1897.477,-1984.000,-900.000,613.000,1000.000,-0.000,1912.297,1891.000
2026-08-02T15:52:57.762,2.297000,sine_up,315.000000,0.093285,0.065962,-0.065962,0.091056,0.091056,0.064299,-0.064474,-0.002873,0.087142,0.087146,0.062193,-0.061044,0.023785,0.006143,1,156,0.016000,46,46,0,1,0.095121,0.096068,0.183716,-2020.840,-1897.000,0.000,-498.000,1000.000,214.000,2000.995,1898.000
2026-08-02T15:52:57.816,2.360000,sine_up,315.000000,0.096277,0.068078,-0.068078,0.092946,0.092962,0.064501,-0.066944,0.004124,0.088026,0.088687,0.069885,-0.054603,-0.013789,0.008251,1,157,0.032000,47,47,0,1,0.098231,0.099539,0.105743,-2025.171,-1926.000,0.000,-498.000,-1000.000,-0.000,2080.954,1934.000
2026-08-02T15:52:57.856,2.391000,sine_up,315.000000,0.097781,0.069141,-0.069141,0.092946,0.092962,0.064501,-0.066944,0.004124,0.088026,0.088687,0.069885,-0.054603,-0.013789,0.009754,1,157,0.063000,47,47,0,1,0.098231,0.099539,0.105743,-2025.171,-1926.000,0.000,-498.000,-1000.000,-0.000,2080.954,1934.000
2026-08-02T15:52:57.916,2.453000,sine_up,315.000000,0.100844,0.071307,-0.071307,0.096576,0.096576,0.068573,-0.068006,0.003092,0.093683,0.093717,0.064466,-0.068022,-0.018907,0.007160,1,159,0.015000,48,48,0,1,0.105290,0.106066,0.208893,-2110.792,-2051.000,-1000.000,-0.000,-1000.000,-92.000,2156.359,2092.000
2026-08-02T15:52:57.964,2.500000,sine_up,315.000000,0.103212,0.072982,-0.072982,0.096576,0.096576,0.068573,-0.068006,0.003092,0.093683,0.093717,0.064466,-0.068022,-0.018907,0.009529,1,159,0.062000,48,48,0,1,0.105290,0.106066,0.208893,-2110.792,-2051.000,-1000.000,-0.000,-1000.000,-92.000,2156.359,2092.000
2026-08-02T15:52:58.015,2.563000,sine_up,315.000000,0.106444,0.075267,-0.075267,0.100747,0.100765,0.072586,-0.069892,-0.002709,0.098385,0.099098,0.061177,-0.077961,0.019712,0.008058,1,161,0.032000,50,50,0,1,0.113151,0.111968,0.209351,-2233.846,-2214.000,-900.000,591.000,1000.000,-0.000,2218.101,2278.000
2026-08-02T15:52:58.052,2.594000,sine_up,315.000000,0.108055,0.076407,-0.076407,0.100747,0.100765,0.072586,-0.069892,-0.002709,0.098385,0.099098,0.061177,-0.077961,0.019712,0.009670,1,161,0.063000,50,50,0,1,0.113151,0.111968,0.209351,-2233.846,-2214.000,-900.000,591.000,1000.000,-0.000,2218.101,2278.000
2026-08-02T15:52:58.109,2.656000,sine_up,315.000000,0.111317,0.078713,-0.078713,0.100747,0.100765,0.072586,-0.069892,-0.002709,0.098385,0.099098,0.061177,-0.077961,0.019712,0.012932,1,161,0.125000,50,50,0,1,0.113151,0.111968,0.209351,-2233.846,-2214.000,-900.000,591.000,1000.000,-0.000,2218.101,2278.000
2026-08-02T15:52:58.154,2.703000,sine_up,315.000000,0.113819,0.080482,-0.080482,0.100747,0.100765,0.072586,-0.069892,-0.002709,0.098385,0.099098,0.061177,-0.077961,0.019712,0.015434,1,161,0.172000,50,50,0,1,0.113151,0.111968,0.209351,-2233.846,-2214.000,-900.000,591.000,1000.000,-0.000,2218.101,2278.000
2026-08-02T15:52:58.202,2.750000,sine_up,315.000000,0.116344,0.082267,-0.082267,0.100747,0.100765,0.072586,-0.069892,-0.002709,0.098385,0.099098,0.061177,-0.077961,0.019712,0.017959,1,161,0.219000,50,50,0,1,0.113151,0.111968,0.209351,-2233.846,-2214.000,-900.000,591.000,1000.000,-0.000,2218.101,2278.000
2026-08-02T15:52:58.252,2.797000,sine_up,315.000000,0.118887,0.084066,-0.084066,0.100747,0.100765,0.072586,-0.069892,-0.002709,0.098385,0.099098,0.061177,-0.077961,0.019712,0.020502,1,161,0.266000,50,50,0,1,0.113151,0.111968,0.209351,-2233.846,-2214.000,-900.000,591.000,1000.000,-0.000,2218.101,2278.000
2026-08-02T15:52:58.306,2.844000,sine_up,315.000000,0.121445,0.085875,-0.085875,0.100747,0.100765,0.072586,-0.069892,-0.002709,0.098385,0.099098,0.061177,-0.077961,0.019712,0.023060,1,161,0.313000,50,50,0,1,0.113151,0.111968,0.209351,-2233.846,-2214.000,-900.000,591.000,1000.000,-0.000,2218.101,2278.000
2026-08-02T15:52:58.363,2.906000,sine_up,315.000000,0.124837,0.088273,-0.088273,0.100747,0.100765,0.072586,-0.069892,-0.002709,0.098385,0.099098,0.061177,-0.077961,0.019712,0.026452,1,161,0.375000,50,50,0,1,0.113151,0.111968,0.209351,-2233.846,-2214.000,-900.000,591.000,1000.000,-0.000,2218.101,2278.000
2026-08-02T15:52:58.407,2.953000,sine_up,315.000000,0.127417,0.090097,-0.090097,0.100747,0.100765,0.072586,-0.069892,-0.002709,0.098385,0.099098,0.061177,-0.077961,0.019712,0.029032,1,161,0.422000,50,50,0,1,0.113151,0.111968,0.209351,-2233.846,-2214.000,-900.000,591.000,1000.000,-0.000,2218.101,2278.000
2026-08-02T15:52:58.455,3.000000,sine_up,315.000000,0.130000,0.091924,-0.091924,0.103576,0.103589,0.072096,-0.074384,0.002021,0.101218,0.101727,0.078754,-0.064390,-0.013026,0.028782,1,162,0.047000,51,51,0,1,0.115292,0.117072,0.219727,-2271.014,-2249.000,0.000,-661.000,0.000,591.000,2306.765,2266.000
2026-08-02T15:52:58.505,3.047000,sine_up,315.000000,0.132583,0.093751,-0.093751,0.103576,0.103589,0.072096,-0.074384,0.002021,0.101218,0.101727,0.078754,-0.064390,-0.013026,0.031365,1,162,0.094000,51,51,0,1,0.115292,0.117072,0.219727,-2271.014,-2249.000,0.000,-661.000,0.000,591.000,2306.765,2266.000
2026-08-02T15:52:58.558,3.094000,sine_up,315.000000,0.135163,0.095575,-0.095575,0.103576,0.103589,0.072096,-0.074384,0.002021,0.101218,0.101727,0.078754,-0.064390,-0.013026,0.033945,1,162,0.141000,51,51,0,1,0.115292,0.117072,0.219727,-2271.014,-2249.000,0.000,-661.000,0.000,591.000,2306.765,2266.000
2026-08-02T15:52:58.615,3.156000,sine_up,315.000000,0.138555,0.097973,-0.097973,0.103576,0.103589,0.072096,-0.074384,0.002021,0.101218,0.101727,0.078754,-0.064390,-0.013026,0.037337,1,162,0.203000,51,51,0,1,0.115292,0.117072,0.219727,-2271.014,-2249.000,0.000,-661.000,0.000,591.000,2306.765,2266.000
2026-08-02T15:52:58.660,3.203000,sine_up,315.000000,0.141113,0.099782,-0.099782,0.106621,0.106644,0.073815,-0.076970,0.001340,0.102703,0.103646,0.082485,-0.062759,-0.005718,0.038410,1,163,0.047000,52,52,0,1,0.118884,0.120779,0.195923,-2341.844,-2323.000,0.000,-661.000,-1000.000,13.000,2371.018,2288.000
2026-08-02T15:52:58.707,3.250000,sine_up,315.000000,0.143656,0.101580,-0.101580,0.106621,0.106644,0.073815,-0.076970,0.001340,0.102703,0.103646,0.082485,-0.062759,-0.005718,0.040953,1,163,0.094000,52,52,0,1,0.118884,0.120779,0.195923,-2341.844,-2323.000,0.000,-661.000,-1000.000,13.000,2371.018,2288.000
2026-08-02T15:52:58.758,3.297000,sine_up,315.000000,0.146181,0.103365,-0.103365,0.106621,0.106644,0.073815,-0.076970,0.001340,0.102703,0.103646,0.082485,-0.062759,-0.005718,0.043478,1,163,0.141000,52,52,0,1,0.118884,0.120779,0.195923,-2341.844,-2323.000,0.000,-661.000,-1000.000,13.000,2371.018,2288.000
2026-08-02T15:52:58.811,3.360000,sine_up,315.000000,0.149529,0.105733,-0.105733,0.145165,0.145166,0.102386,-0.102909,-0.003873,0.138753,0.138772,0.099727,-0.096499,0.003092,0.010776,1,177,0.016000,68,66,0,1,0.178047,0.180406,0.418854,-3220.321,-3099.000,0.000,-183.000,1000.000,-0.000,3202.815,3147.000
2026-08-02T15:52:58.852,3.391000,sine_up,315.000000,0.151160,0.106886,-0.106886,0.147920,0.147925,0.103710,-0.105480,0.000095,0.144488,0.144698,0.107669,-0.096669,-0.020606,0.006672,1,178,0.016000,70,68,0,1,0.182906,0.185879,0.395203,-3259.917,-3258.000,1000.000,-4.000,0.000,597.000,3285.701,3260.000
2026-08-02T15:52:58.911,3.453000,sine_up,315.000000,0.154383,0.109165,-0.109165,0.151932,0.151934,0.106953,-0.107912,0.000062,0.147748,0.147807,0.107425,-0.101522,-0.013499,0.006635,1,179,0.031000,71,69,0,1,0.188015,0.191327,0.335999,-3348.637,-3359.000,1000.000,-4.000,-1000.000,-0.000,3375.040,3247.000
2026-08-02T15:52:58.960,3.500000,sine_up,315.000000,0.156788,0.110866,-0.110866,0.153358,0.153372,0.109897,-0.106984,-0.000274,0.151527,0.152078,0.098003,-0.116289,-0.007545,0.005260,1,180,0.031000,72,70,0,1,0.194719,0.195425,0.302887,-3381.906,-3414.000,0.000,705.000,1000.000,-594.000,3405.039,3340.000
2026-08-02T15:52:59.010,3.547000,sine_up,315.000000,0.159156,0.112541,-0.112541,0.156530,0.156567,0.113090,-0.108277,-0.001518,0.152219,0.153698,0.092595,-0.122675,-0.002235,0.006938,1,181,0.016000,73,71,0,1,0.200419,0.200490,0.329742,-3458.542,-3358.000,0.000,705.000,900.000,-62.000,3469.078,3334.000
2026-08-02T15:52:59.064,3.610000,sine_up,315.000000,0.162268,0.114741,-0.114741,0.159380,0.159380,0.112883,-0.112515,0.001168,0.154923,0.154931,0.108426,-0.110668,-0.015971,0.007345,1,182,0.032000,74,72,0,1,0.205586,0.206351,0.293884,-3507.090,-3480.000,-1000.000,-0.000,0.000,556.000,3547.174,3446.000
2026-08-02T15:52:59.104,3.641000,sine_up,315.000000,0.163771,0.115804,-0.115804,0.160211,0.160212,0.112922,-0.113650,-0.002516,0.157558,0.157592,0.113707,-0.109115,0.011608,0.006212,1,183,0.016000,74,72,0,1,0.210923,0.212248,0.267944,-3545.110,-3539.000,1000.000,-0.000,1000.000,-2.000,3545.814,3478.000
2026-08-02T15:52:59.164,3.703000,sine_up,315.000000,0.166715,0.117886,-0.117886,0.164451,0.164451,0.116148,-0.116421,-0.005092,0.161826,0.161830,0.115300,-0.113556,0.018823,0.004890,1,184,0.031000,76,74,0,1,0.216606,0.218061,0.353546,-3652.451,-3614.000,1000.000,-22.000,1000.000,3.000,3626.504,3663.000
2026-08-02T15:52:59.211,3.750000,sine_up,315.000000,0.168890,0.119423,-0.119423,0.164028,0.164031,0.115295,-0.116676,0.010858,0.164471,0.164585,0.120621,-0.111976,-0.068069,0.004419,1,185,0.031000,76,74,0,1,0.222185,0.224235,0.186462,-3557.901,-3641.000,-1000.000,-22.000,0.000,152.000,3703.208,3574.000
2026-08-02T15:52:59.261,3.797000,sine_up,315.000000,0.171011,0.120923,-0.120923,0.168589,0.168591,0.119828,-0.118593,-0.004509,0.166732,0.166821,0.114044,-0.121751,0.030912,0.004279,1,186,0.016000,78,76,0,1,0.229280,0.229501,0.216217,-3740.641,-3754.000,0.000,586.000,1000.000,-1.000,3721.963,3709.000
2026-08-02T15:52:59.315,3.860000,sine_up,315.000000,0.173767,0.122872,-0.122872,0.170469,0.170478,0.121783,-0.119296,-0.000976,0.167671,0.168028,0.110816,-0.126306,0.002710,0.006096,1,187,0.032000,79,77,0,1,0.235197,0.235461,0.258179,-3763.263,-3661.000,-900.000,586.000,1000.000,5.000,3782.991,3674.000
2026-08-02T15:52:59.355,3.891000,sine_up,315.000000,0.175084,0.123803,-0.123803,0.171484,0.171484,0.121019,-0.121495,0.001535,0.169156,0.169170,0.121136,-0.118087,-0.010005,0.005928,1,188,0.016000,79,77,0,1,0.240764,0.241891,0.221558,-3772.240,-3795.000,0.000,-74.000,0.000,490.000,3819.197,3753.000
2026-08-02T15:52:59.415,3.953000,sine_up,315.000000,0.177637,0.125608,-0.125608,0.176070,0.176070,0.124202,-0.124799,0.001040,0.171263,0.171284,0.122997,-0.119205,-0.006544,0.006374,1,189,0.031000,81,79,0,1,0.246764,0.248080,0.224304,-3876.098,-3836.000,1000.000,-74.000,-1000.000,-0.000,3918.844,3779.000
2026-08-02T15:52:59.462,4.000000,sine_up,315.000000,0.179497,0.126924,-0.126924,0.175503,0.175504,0.124644,-0.123554,-0.005296,0.174814,0.174879,0.120239,-0.126985,0.029786,0.004684,1,190,0.031000,81,79,0,1,0.253185,0.254082,0.256348,-3897.433,-3816.000,1000.000,-0.000,0.000,-569.000,3871.969,3943.000
2026-08-02T15:52:59.513,4.047000,sine_up,315.000000,0.181290,0.128192,-0.128192,0.180093,0.180095,0.127831,-0.126859,-0.002363,0.176888,0.176939,0.122086,-0.128072,0.007445,0.004402,1,191,0.016000,83,81,0,1,0.259608,0.260179,0.292358,-3983.074,-3884.000,-1000.000,-0.000,1000.000,-0.000,3990.231,3992.000
2026-08-02T15:52:59.566,4.110000,sine_up,315.000000,0.183584,0.129813,-0.129813,0.179566,0.179566,0.126684,-0.127260,-0.000319,0.180190,0.180208,0.129259,-0.125568,-0.007942,0.003394,1,192,0.032000,83,81,0,1,0.265838,0.266793,0.310059,-3960.506,-3992.000,1000.000,-12.000,0.000,569.000,3989.499,4035.000
2026-08-02T15:52:59.607,4.156000,sine_up,315.000000,0.185176,0.130939,-0.130939,0.179566,0.179566,0.126684,-0.127260,-0.000319,0.180190,0.180208,0.129259,-0.125568,-0.007942,0.004986,1,192,0.078000,83,81,0,1,0.265838,0.266793,0.310059,-3960.506,-3992.000,1000.000,-12.000,0.000,569.000,3989.499,4035.000
2026-08-02T15:52:59.651,4.188000,sine_up,315.000000,0.186241,0.131692,-0.131692,0.179566,0.179566,0.126684,-0.127260,-0.000319,0.180190,0.180208,0.129259,-0.125568,-0.007942,0.006051,1,192,0.110000,83,81,0,1,0.265838,0.266793,0.310059,-3960.506,-3992.000,1000.000,-12.000,0.000,569.000,3989.499,4035.000
2026-08-02T15:52:59.714,4.250000,sine_up,315.000000,0.188203,0.133080,-0.133080,0.181007,0.181009,0.127483,-0.128500,0.006090,0.181432,0.181489,0.131507,-0.125076,-0.034299,0.006771,1,193,0.031000,84,82,0,1,0.271980,0.273472,0.176239,-3958.085,-4032.000,-1000.000,-12.000,-1000.000,2.000,4056.281,3996.000
2026-08-02T15:52:59.765,4.313000,sine_up,315.000000,0.190055,0.134389,-0.134389,0.183910,0.183910,0.130124,-0.129963,-0.004617,0.183799,0.183800,0.129492,-0.130438,0.027531,0.006256,1,194,0.016000,85,83,0,1,0.278566,0.279960,0.242310,-4079.337,-4056.000,1000.000,-1.000,1000.000,-410.000,4063.202,4089.000
2026-08-02T15:52:59.803,4.344000,sine_up,315.000000,0.190913,0.134996,-0.134996,0.183910,0.183910,0.130124,-0.129963,-0.004617,0.183799,0.183800,0.129492,-0.130438,0.027531,0.007114,1,194,0.047000,85,83,0,1,0.278566,0.279960,0.242310,-4079.337,-4056.000,1000.000,-1.000,1000.000,-410.000,4063.202,4089.000
2026-08-02T15:52:59.860,4.406000,sine_up,315.000000,0.192520,0.136132,-0.136132,0.183910,0.183910,0.130124,-0.129963,-0.004617,0.183799,0.183800,0.129492,-0.130438,0.027531,0.008721,1,194,0.109000,85,83,0,1,0.278566,0.279960,0.242310,-4079.337,-4056.000,1000.000,-1.000,1000.000,-410.000,4063.202,4089.000
2026-08-02T15:52:59.905,4.453000,sine_up,315.000000,0.193639,0.136923,-0.136923,0.183861,0.183867,0.130979,-0.129040,-0.007903,0.184100,0.184297,0.124163,-0.136194,0.035036,0.009539,1,195,0.031000,85,83,0,1,0.285476,0.286095,0.368500,-4095.824,-3986.000,1000.000,-1.000,900.000,-499.000,4044.381,4160.000
2026-08-02T15:52:59.953,4.500000,sine_up,315.000000,0.194672,0.137654,-0.137654,0.183861,0.183867,0.130979,-0.129040,-0.007903,0.184100,0.184297,0.124163,-0.136194,0.035036,0.010571,1,195,0.078000,85,83,0,1,0.285476,0.286095,0.368500,-4095.824,-3986.000,1000.000,-1.000,900.000,-499.000,4044.381,4160.000
2026-08-02T15:53:00.004,4.547000,sine_up,315.000000,0.195616,0.138321,-0.138321,0.194132,0.194132,0.137343,-0.137201,0.001045,0.191670,0.191671,0.135160,-0.135903,-0.004889,0.003946,1,201,0.016000,93,90,0,1,0.325579,0.326093,0.207367,-4274.676,-4264.000,-1000.000,-0.000,-1000.000,-427.000,4321.841,4222.000
2026-08-02T15:53:00.058,4.594000,sine_up,315.000000,0.196471,0.138926,-0.138926,0.195282,0.195295,0.139666,-0.136505,-0.004065,0.194741,0.195232,0.127917,-0.147489,0.020303,0.001730,1,202,0.016000,95,92,0,1,0.333951,0.331589,0.277557,-4327.361,-4307.000,-1000.000,747.000,1000.000,-3.000,4319.901,4406.000
2026-08-02T15:53:00.115,4.656000,sine_up,315.000000,0.197461,0.139626,-0.139626,0.196533,0.196546,0.140580,-0.137360,-0.002350,0.197172,0.197672,0.129485,-0.149358,0.006739,0.000289,1,203,0.031000,96,93,0,1,0.340877,0.338721,0.300293,-4345.808,-4306.000,-900.000,747.000,1000.000,446.000,4357.075,4367.000
2026-08-02T15:53:00.159,4.703000,sine_up,315.000000,0.198104,0.140081,-0.140081,0.196256,0.196264,0.137537,-0.140011,-0.001618,0.198897,0.199207,0.148500,-0.132783,0.001499,-0.000793,1,204,0.031000,96,93,0,1,0.346213,0.347353,0.302124,-4335.784,-4390.000,0.000,-721.000,0.000,399.000,4354.857,4407.000
2026-08-02T15:53:00.207,4.750000,sine_up,315.000000,0.198655,0.140470,-0.140470,0.197859,0.197884,0.137684,-0.142130,-0.000696,0.199131,0.200110,0.154788,-0.126825,-0.003226,-0.000476,1,205,0.031000,98,95,0,1,0.352969,0.354716,0.290985,-4366.225,-4406.000,0.000,-721.000,0.000,231.000,4395.588,4366.000
2026-08-02T15:53:00.258,4.797000,sine_up,315.000000,0.199112,0.140794,-0.140794,0.197772,0.197778,0.138777,-0.140914,-0.001124,0.199667,0.199894,0.147919,-0.134452,-0.002257,-0.000555,1,206,0.016000,99,96,0,1,0.359920,0.361938,0.310059,-4366.598,-4359.000,1000.000,-9.000,-1000.000,-0.000,4391.347,4380.000
2026-08-02T15:53:00.311,4.860000,sine_up,315.000000,0.199577,0.141122,-0.141122,0.199458,0.199458,0.141214,-0.140862,-0.004856,0.199382,0.199387,0.139929,-0.142039,0.019287,0.000196,1,207,0.032000,100,97,0,1,0.367074,0.368816,0.324554,-4423.736,-4381.000,1000.000,-9.000,0.000,-542.000,4408.795,4414.000
2026-08-02T15:53:00.352,4.891000,sine_up,315.000000,0.199744,0.141240,-0.141240,0.199306,0.199318,0.142484,-0.139377,-0.003964,0.200329,0.200793,0.132008,-0.151300,0.006343,-0.000585,1,208,0.016000,101,98,0,1,0.375611,0.374447,0.398865,-4415.619,-4388.000,0.000,812.000,1000.000,-1.000,4410.228,4436.000
2026-08-02T15:53:00.411,4.953000,sine_up,315.000000,0.199952,0.141388,-0.141388,0.199306,0.199318,0.142484,-0.139377,-0.003964,0.200329,0.200793,0.132008,-0.151300,0.006343,-0.000376,1,208,0.078000,101,98,0,1,0.375611,0.374447,0.398865,-4415.619,-4388.000,0.000,812.000,1000.000,-1.000,4410.228,4436.000
2026-08-02T15:53:00.458,5.000000,sine_down,315.000000,0.200000,0.141421,-0.141421,0.199306,0.199318,0.142484,-0.139377,-0.003964,0.200329,0.200793,0.132008,-0.151300,0.006343,-0.000329,1,208,0.125000,101,98,0,1,0.375611,0.374447,0.398865,-4415.619,-4388.000,0.000,812.000,1000.000,-1.000,4410.228,4436.000
2026-08-02T15:53:00.509,5.047000,sine_down,315.000000,0.199952,0.141388,-0.141388,0.199306,0.199318,0.142484,-0.139377,-0.003964,0.200329,0.200793,0.132008,-0.151300,0.006343,-0.000376,1,208,0.172000,101,98,0,1,0.375611,0.374447,0.398865,-4415.619,-4388.000,0.000,812.000,1000.000,-1.000,4410.228,4436.000
2026-08-02T15:53:00.563,5.110000,sine_down,315.000000,0.199739,0.141237,-0.141237,0.199306,0.199318,0.142484,-0.139377,-0.003964,0.200329,0.200793,0.132008,-0.151300,0.006343,-0.000590,1,208,0.235000,101,98,0,1,0.375611,0.374447,0.398865,-4415.619,-4388.000,0.000,812.000,1000.000,-1.000,4410.228,4436.000
2026-08-02T15:53:00.603,5.141000,sine_down,315.000000,0.199571,0.141118,-0.141118,0.199077,0.199087,0.142194,-0.139343,-0.004064,0.201755,0.202140,0.133853,-0.151472,0.007226,-0.002184,1,209,0.000000,102,99,0,1,0.382554,0.381817,0.390778,-4411.101,-4455.000,0.000,812.000,1000.000,648.000,4404.575,4478.000
2026-08-02T15:53:00.662,5.203000,sine_down,315.000000,0.199112,0.140794,-0.140794,0.199081,0.199081,0.140775,-0.140768,-0.001468,0.201697,0.201697,0.142748,-0.142495,-0.009990,-0.002585,1,214,0.000000,107,103,0,1,0.418497,0.417686,0.402374,-4397.334,-4422.000,1000.000,18.000,900.000,690.000,4418.696,4454.000
2026-08-02T15:53:00.710,5.250000,sine_down,315.000000,0.198655,0.140470,-0.140470,0.199194,0.199198,0.139978,-0.141725,-0.000744,0.200986,0.201141,0.147712,-0.136525,-0.007773,-0.002331,1,215,0.031000,109,105,0,1,0.425472,0.425629,0.330353,-4395.954,-4448.000,1000.000,18.000,0.000,424.000,4425.128,4404.000
2026-08-02T15:53:00.761,5.297000,sine_down,315.000000,0.198104,0.140081,-0.140081,0.197519,0.197521,0.140164,-0.139171,-0.003052,0.201194,0.201238,0.139295,-0.145237,0.004242,-0.003090,1,216,0.016000,110,106,0,1,0.433382,0.431933,0.361633,-4371.321,-4419.000,0.000,547.000,1000.000,2.000,4375.294,4391.000
2026-08-02T15:53:00.814,5.360000,sine_down,315.000000,0.197221,0.139456,-0.139456,0.197634,0.197637,0.140438,-0.139059,-0.000918,0.200468,0.200555,0.137587,-0.145918,-0.008364,-0.003248,1,217,0.032000,111,107,0,1,0.440271,0.439211,0.352631,-4362.459,-4425.000,0.000,547.000,1000.000,559.000,4389.378,4379.000
2026-08-02T15:53:00.855,5.391000,sine_down,315.000000,0.196725,0.139106,-0.139106,0.197795,0.197795,0.139709,-0.140015,0.000066,0.199457,0.199463,0.142142,-0.139932,-0.008464,-0.002732,1,218,0.016000,111,107,0,1,0.446944,0.446646,0.289459,-4360.750,-4406.000,1000.000,-15.000,-1000.000,-36.000,4398.283,4332.000
2026-08-02T15:53:00.915,5.453000,sine_down,315.000000,0.195616,0.138321,-0.138321,0.196188,0.196188,0.138652,-0.138800,-0.006262,0.199238,0.199240,0.141492,-0.140274,0.021774,-0.003622,1,219,0.031000,113,109,0,1,0.453877,0.453672,0.394135,-4359.096,-4351.000,1000.000,-15.000,1000.000,48.000,4328.256,4423.000
2026-08-02T15:53:00.962,5.500000,sine_down,315.000000,0.194672,0.137654,-0.137654,0.196188,0.196188,0.138652,-0.138800,-0.006262,0.199238,0.199240,0.141492,-0.140274,0.021774,-0.004567,1,219,0.078000,113,109,0,1,0.453877,0.453672,0.394135,-4359.096,-4351.000,1000.000,-15.000,1000.000,48.000,4328.256,4423.000
2026-08-02T15:53:01.013,5.563000,sine_down,315.000000,0.193267,0.136661,-0.136661,0.196188,0.196188,0.138652,-0.138800,-0.006262,0.199238,0.199240,0.141492,-0.140274,0.021774,-0.005971,1,219,0.141000,113,109,0,1,0.453877,0.453672,0.394135,-4359.096,-4351.000,1000.000,-15.000,1000.000,48.000,4328.256,4423.000
2026-08-02T15:53:01.051,5.594000,sine_down,315.000000,0.192520,0.136132,-0.136132,0.196461,0.196463,0.138418,-0.139420,0.005617,0.197525,0.197579,0.142940,-0.136403,-0.040979,-0.005006,1,220,0.016000,113,109,0,1,0.460697,0.460819,0.262909,-4301.661,-4339.000,0.000,108.000,-1000.000,28.000,4398.508,4271.000
2026-08-02T15:53:01.108,5.656000,sine_down,315.000000,0.190913,0.134996,-0.134996,0.196461,0.196463,0.138418,-0.139420,0.005617,0.197525,0.197579,0.142940,-0.136403,-0.040979,-0.006612,1,220,0.078000,113,109,0,1,0.460697,0.460819,0.262909,-4301.661,-4339.000,0.000,108.000,-1000.000,28.000,4398.508,4271.000
2026-08-02T15:53:01.152,5.688000,sine_down,315.000000,0.190027,0.134369,-0.134369,0.196478,0.196478,0.138986,-0.138876,-0.004814,0.197416,0.197416,0.139385,-0.139803,0.021158,-0.007389,1,221,0.016000,113,109,0,1,0.467617,0.467803,0.309906,-4357.765,-4327.000,900.000,108.000,1000.000,-2.000,4342.551,4333.000
2026-08-02T15:53:01.214,5.750000,sine_down,315.000000,0.188203,0.133080,-0.133080,0.196478,0.196478,0.138986,-0.138876,-0.004814,0.197416,0.197416,0.139385,-0.139803,0.021158,-0.009213,1,221,0.078000,113,109,0,1,0.467617,0.467803,0.309906,-4357.765,-4327.000,900.000,108.000,1000.000,-2.000,4342.551,4333.000
2026-08-02T15:53:01.266,5.813000,sine_down,315.000000,0.186208,0.131669,-0.131669,0.196508,0.196508,0.138964,-0.138940,-0.005697,0.197231,0.197231,0.139521,-0.139405,0.020332,-0.011023,1,222,0.032000,113,109,0,1,0.474558,0.474815,0.370483,-4363.130,-4326.000,900.000,20.000,1000.000,208.000,4338.438,4403.000
2026-08-02T15:53:01.303,5.844000,sine_down,315.000000,0.185176,0.130939,-0.130939,0.196508,0.196508,0.138964,-0.138940,-0.005697,0.197231,0.197231,0.139521,-0.139405,0.020332,-0.012055,1,222,0.063000,113,109,0,1,0.474558,0.474815,0.370483,-4363.130,-4326.000,900.000,20.000,1000.000,208.000,4338.438,4403.000
2026-08-02T15:53:01.360,5.906000,sine_down,315.000000,0.183014,0.129410,-0.129410,0.196430,0.196433,0.138255,-0.139539,0.005975,0.197710,0.197797,0.143938,-0.135667,-0.043705,-0.014697,1,223,0.062000,113,109,0,1,0.481197,0.482213,0.271759,-4299.065,-4350.000,-1000.000,20.000,-1000.000,-1.000,4399.754,4305.000
2026-08-02T15:53:01.405,5.953000,sine_down,315.000000,0.181290,0.128192,-0.128192,0.196430,0.196433,0.138255,-0.139539,0.005975,0.197710,0.197797,0.143938,-0.135667,-0.043705,-0.016420,1,223,0.109000,113,109,0,1,0.481197,0.482213,0.271759,-4299.065,-4350.000,-1000.000,20.000,-1000.000,-1.000,4399.754,4305.000
2026-08-02T15:53:01.453,6.000000,sine_down,315.000000,0.179497,0.126924,-0.126924,0.196430,0.196433,0.138255,-0.139539,0.005975,0.197710,0.197797,0.143938,-0.135667,-0.043705,-0.018213,1,223,0.156000,113,109,0,1,0.481197,0.482213,0.271759,-4299.065,-4350.000,-1000.000,20.000,-1000.000,-1.000,4399.754,4305.000
2026-08-02T15:53:01.503,6.047000,sine_down,315.000000,0.177637,0.125608,-0.125608,0.178042,0.178056,0.127465,-0.124324,-0.004486,0.189518,0.190010,0.124342,-0.143677,0.025769,-0.011881,1,231,0.031000,126,121,0,1,0.537044,0.536757,0.242004,-3949.138,-4040.000,0.000,835.000,1000.000,-0.000,3932.994,4100.000
2026-08-02T15:53:01.557,6.094000,sine_down,315.000000,0.175712,0.124247,-0.124247,0.177315,0.177315,0.125425,-0.125337,0.000161,0.183783,0.183784,0.129846,-0.130063,-0.009773,-0.008072,1,232,0.016000,127,122,0,1,0.543198,0.543463,0.310364,-3908.282,-3951.000,-1000.000,-7.000,0.000,543.000,3941.884,3938.000
2026-08-02T15:53:01.614,6.156000,sine_down,315.000000,0.173077,0.122384,-0.122384,0.174774,0.174774,0.123337,-0.123831,-0.000188,0.179151,0.179167,0.128383,-0.124975,-0.002316,-0.006074,1,233,0.031000,128,123,0,1,0.549243,0.549913,0.251617,-3854.059,-3928.000,1000.000,-7.000,-1000.000,-0.000,3883.300,3833.000
2026-08-02T15:53:01.659,6.203000,sine_down,315.000000,0.171011,0.120923,-0.120923,0.175170,0.175170,0.124120,-0.123608,-0.000573,0.176670,0.176682,0.123480,-0.126369,0.000232,-0.005659,1,234,0.031000,128,123,0,1,0.555525,0.556051,0.253296,-3864.854,-3918.000,-1000.000,-0.000,0.000,-452.000,3890.055,3872.000
2026-08-02T15:53:01.707,6.250000,sine_down,315.000000,0.168890,0.119423,-0.119423,0.170364,0.170364,0.120778,-0.120153,-0.005855,0.175937,0.175955,0.122616,-0.126196,0.022875,-0.007047,1,235,0.031000,130,125,0,1,0.561836,0.562147,0.361328,-3787.006,-3796.000,1000.000,-0.000,1000.000,-0.000,3754.299,3890.000
2026-08-02T15:53:01.758,6.297000,sine_down,315.000000,0.166715,0.117886,-0.117886,0.167314,0.167318,0.119156,-0.117461,0.001561,0.174480,0.174630,0.118259,-0.128493,-0.020933,-0.007764,1,236,0.016000,131,126,0,1,0.569082,0.567177,0.325470,-3680.076,-3801.000,0.000,836.000,1000.000,592.000,3726.298,3814.000
2026-08-02T15:53:01.811,6.360000,sine_down,315.000000,0.163723,0.115769,-0.115769,0.166303,0.166313,0.118838,-0.116350,0.005271,0.170527,0.170863,0.113001,-0.128160,-0.030769,-0.006804,1,237,0.032000,132,127,0,1,0.574742,0.573500,0.189514,-3637.964,-3725.000,0.000,836.000,1000.000,-10.000,3723.798,3646.000
2026-08-02T15:53:01.852,6.391000,sine_down,315.000000,0.162219,0.114706,-0.114706,0.163934,0.163935,0.116235,-0.115603,0.000262,0.169014,0.169032,0.117747,-0.121275,0.000653,-0.006794,1,238,0.016000,133,128,0,1,0.580589,0.579557,0.204010,-3612.438,-3733.000,-1000.000,-2.000,1000.000,434.000,3643.887,3710.000
2026-08-02T15:53:01.912,6.453000,sine_down,315.000000,0.159156,0.112541,-0.112541,0.161938,0.161938,0.114304,-0.114710,0.000697,0.167031,0.167044,0.119586,-0.116631,0.003039,-0.007875,1,239,0.031000,134,129,0,1,0.586241,0.585649,0.148926,-3566.050,-3641.000,1000.000,-2.000,-1000.000,2.000,3601.696,3597.000
2026-08-02T15:53:01.960,6.500000,sine_down,315.000000,0.156788,0.110866,-0.110866,0.159578,0.159588,0.111576,-0.114101,-0.004961,0.165458,0.165852,0.125081,-0.108912,0.028548,-0.008670,1,240,0.031000,135,130,0,1,0.590770,0.592713,0.256195,-3544.198,-3630.000,1000.000,-777.000,-1000.000,-0.000,3518.482,3637.000
2026-08-02T15:53:02.011,6.547000,sine_down,315.000000,0.154383,0.109165,-0.109165,0.156697,0.156708,0.109468,-0.112135,-0.003208,0.162941,0.163384,0.123716,-0.106718,0.013932,-0.008559,1,241,0.016000,136,131,0,1,0.596628,0.598352,0.280762,-3471.259,-3534.000,900.000,-777.000,-1000.000,-532.000,3463.678,3518.000
2026-08-02T15:53:02.064,6.610000,sine_down,315.000000,0.151108,0.106849,-0.106849,0.154104,0.154106,0.109630,-0.108305,-0.003070,0.158634,0.158733,0.108191,-0.116151,0.005802,-0.007526,1,242,0.032000,137,132,0,1,0.603263,0.602776,0.354919,-3413.287,-3434.000,0.000,581.000,1000.000,47.000,3406.564,3471.000
2026-08-02T15:53:02.105,6.641000,sine_down,315.000000,0.149477,0.105696,-0.105696,0.153797,0.153807,0.109961,-0.107541,0.002364,0.156346,0.156694,0.103169,-0.117937,-0.020535,-0.006869,1,243,0.016000,137,132,0,1,0.608732,0.608332,0.268097,-3377.489,-3414.000,0.000,581.000,1000.000,149.000,3429.073,3390.000
2026-08-02T15:53:02.164,6.703000,sine_down,315.000000,0.146181,0.103365,-0.103365,0.149514,0.149514,0.105572,-0.105873,0.007224,0.152345,0.152353,0.108852,-0.106597,-0.039108,-0.006164,1,244,0.031000,139,134,0,1,0.613969,0.614287,0.152130,-3257.005,-3344.000,-1000.000,-5.000,-1000.000,-5.000,3359.770,3244.000
2026-08-02T15:53:02.212,6.750000,sine_down,315.000000,0.143656,0.101580,-0.101580,0.149604,0.149604,0.105755,-0.105816,-0.009062,0.151780,0.151781,0.107701,-0.106949,0.056120,-0.008124,1,245,0.031000,139,134,0,1,0.619314,0.619656,0.234070,-3345.989,-3352.000,1000.000,-5.000,1000.000,-0.000,3273.801,3364.000
2026-08-02T15:53:02.263,6.813000,sine_down,315.000000,0.140244,0.099167,-0.099167,0.143666,0.143666,0.101601,-0.101573,-0.002865,0.147867,0.147867,0.104652,-0.104463,0.008841,-0.007623,1,246,0.032000,141,136,0,1,0.624469,0.624856,0.313416,-3181.840,-3154.000,1000.000,3.000,1000.000,1.000,3174.792,3195.000
2026-08-02T15:53:02.301,6.844000,sine_down,315.000000,0.138555,0.097973,-0.097973,0.144175,0.144178,0.101217,-0.102677,0.009438,0.144680,0.144835,0.107045,-0.097564,-0.058608,-0.006125,1,247,0.016000,141,136,0,1,0.629192,0.630231,0.212402,-3127.343,-3182.000,-1000.000,3.000,0.000,476.000,3252.603,3100.000
2026-08-02T15:53:02.357,6.906000,sine_down,315.000000,0.135163,0.095575,-0.095575,0.138078,0.138081,0.098297,-0.096974,0.003841,0.141764,0.141875,0.096287,-0.104199,-0.013371,-0.006601,1,248,0.031000,143,138,0,1,0.635059,0.634329,0.115967,-3022.694,-3120.000,-900.000,576.000,0.000,-0.000,3086.340,3045.000
2026-08-02T15:53:02.402,6.938000,sine_down,315.000000,0.133407,0.094333,-0.094333,0.134907,0.134919,0.096646,-0.094142,-0.001470,0.141064,0.141476,0.092117,-0.107377,0.019176,-0.007657,1,249,0.016000,144,139,0,1,0.640031,0.639321,0.129242,-2981.098,-3094.000,-900.000,576.000,1000.000,-0.000,2986.922,3045.000
2026-08-02T15:53:02.464,7.000000,sine_down,315.000000,0.130000,0.091924,-0.091924,0.131810,0.131814,0.092402,-0.094005,-0.009430,0.139901,0.140095,0.104137,-0.093712,0.048769,-0.009901,1,250,0.031000,145,140,0,1,0.643823,0.645365,0.348206,-2955.259,-3026.000,0.000,-608.000,1000.000,397.000,2874.821,3061.000
2026-08-02T15:53:02.515,7.063000,sine_down,315.000000,0.126538,0.089476,-0.089476,0.132582,0.132610,0.091829,-0.095671,0.001405,0.135056,0.136149,0.107674,-0.083325,-0.010127,-0.008519,1,251,0.032000,145,140,0,1,0.648195,0.650405,0.221405,-2914.434,-2913.000,0.000,-608.000,-1000.000,-3.000,2950.580,2859.000
2026-08-02T15:53:02.552,7.094000,sine_down,315.000000,0.124837,0.088273,-0.088273,0.132582,0.132610,0.091829,-0.095671,0.001405,0.135056,0.136149,0.107674,-0.083325,-0.010127,-0.010220,1,251,0.063000,145,140,0,1,0.648195,0.650405,0.221405,-2914.434,-2913.000,0.000,-608.000,-1000.000,-3.000,2950.580,2859.000
2026-08-02T15:53:02.608,7.156000,sine_down,315.000000,0.121445,0.085875,-0.085875,0.130172,0.130172,0.091857,-0.092235,0.001698,0.129604,0.129617,0.092961,-0.090327,-0.018654,-0.008159,1,253,0.015000,146,141,0,1,0.657306,0.659609,0.294647,-2859.675,-2852.000,-1000.000,-15.000,-1000.000,-4.000,2898.394,2786.000
2026-08-02T15:53:02.653,7.188000,sine_down,315.000000,0.119702,0.084642,-0.084642,0.121232,0.121244,0.086919,-0.084528,0.003281,0.128150,0.128568,0.083290,-0.097942,-0.022083,-0.008448,1,254,0.016000,149,144,0,1,0.662927,0.663045,0.231781,-2653.917,-2775.000,-1000.000,647.000,1000.000,-412.000,2707.474,2791.000
2026-08-02T15:53:02.715,7.250000,sine_down,315.000000,0.116344,0.082267,-0.082267,0.119241,0.119295,0.086852,-0.081780,-0.015072,0.126125,0.128056,0.073518,-0.104849,0.076247,-0.009781,1,255,0.031000,150,145,0,1,0.667793,0.667064,0.402374,-2708.040,-2724.000,0.000,647.000,900.000,-559.000,2563.944,2759.000
2026-08-02T15:53:02.766,7.313000,sine_down,315.000000,0.112965,0.079878,-0.079878,0.119788,0.119788,0.084585,-0.084820,-0.009056,0.122699,0.122706,0.087706,-0.085817,0.022593,-0.009734,1,256,0.032000,150,145,0,1,0.671121,0.672292,0.558777,-2687.951,-2551.000,0.000,-570.000,900.000,423.000,2608.621,2739.000
2026-08-02T15:53:02.804,7.344000,sine_down,315.000000,0.111317,0.078713,-0.078713,0.119788,0.119788,0.084585,-0.084820,-0.009056,0.122699,0.122706,0.087706,-0.085817,0.022593,-0.011382,1,256,0.063000,150,145,0,1,0.671121,0.672292,0.558777,-2687.951,-2551.000,0.000,-570.000,900.000,423.000,2608.621,2739.000
2026-08-02T15:53:02.861,7.406000,sine_down,315.000000,0.108055,0.076407,-0.076407,0.119788,0.119788,0.084585,-0.084820,-0.009056,0.122699,0.122706,0.087706,-0.085817,0.022593,-0.014644,1,256,0.125000,150,145,0,1,0.671121,0.672292,0.558777,-2687.951,-2551.000,0.000,-570.000,900.000,423.000,2608.621,2739.000
2026-08-02T15:53:02.906,7.453000,sine_down,315.000000,0.105617,0.074683,-0.074683,0.115400,0.115432,0.079667,-0.083533,0.002300,0.119349,0.120603,0.096659,-0.072125,-0.034204,-0.013731,1,257,0.047000,151,146,0,1,0.674867,0.676935,0.389710,-2530.447,-2516.000,0.000,-570.000,0.000,456.000,2572.056,2593.000
2026-08-02T15:53:02.954,7.500000,sine_down,315.000000,0.103212,0.072982,-0.072982,0.115400,0.115432,0.079667,-0.083533,0.002300,0.119349,0.120603,0.096659,-0.072125,-0.034204,-0.016136,1,257,0.094000,151,146,0,1,0.674867,0.676935,0.389710,-2530.447,-2516.000,0.000,-570.000,0.000,456.000,2572.056,2593.000
2026-08-02T15:53:03.004,7.547000,sine_down,315.000000,0.100844,0.071307,-0.071307,0.115400,0.115432,0.079667,-0.083533,0.002300,0.119349,0.120603,0.096659,-0.072125,-0.034204,-0.018505,1,257,0.141000,151,146,0,1,0.674867,0.676935,0.389710,-2530.447,-2516.000,0.000,-570.000,0.000,456.000,2572.056,2593.000
2026-08-02T15:53:03.058,7.594000,sine_down,315.000000,0.098515,0.069661,-0.069661,0.106850,0.106850,0.075654,-0.075455,0.006721,0.111242,0.111243,0.078228,-0.079091,-0.037472,-0.012727,1,262,0.016000,156,150,0,1,0.695615,0.696542,0.160523,-2318.145,-2480.000,-1000.000,-4.000,-1000.000,-0.000,2405.183,2313.000
2026-08-02T15:53:03.114,7.656000,sine_down,315.000000,0.095509,0.067535,-0.067535,0.099850,0.099850,0.070783,-0.070426,-0.010279,0.107901,0.107909,0.075375,-0.077220,0.060110,-0.012392,1,263,0.031000,159,153,0,1,0.699431,0.700290,0.295868,-2254.489,-2312.000,1000.000,-4.000,1000.000,-137.000,2157.202,2320.000
2026-08-02T15:53:03.159,7.703000,sine_down,315.000000,0.093285,0.065962,-0.065962,0.098067,0.098068,0.069652,-0.069036,-0.008170,0.104574,0.104603,0.072216,-0.075674,0.028847,-0.011290,1,264,0.031000,159,153,0,1,0.703288,0.703773,0.443726,-2203.878,-2239.000,1000.000,91.000,1000.000,161.000,2128.817,2265.000
2026-08-02T15:53:03.206,7.750000,sine_down,315.000000,0.091110,0.064425,-0.064425,0.093215,0.093215,0.065644,-0.066181,0.013817,0.098068,0.098104,0.071220,-0.067470,-0.084622,-0.006958,1,265,0.031000,161,155,0,1,0.706415,0.707440,0.183258,-1979.319,-2011.000,-1000.000,91.000,-1000.000,92.000,2139.300,1962.000
2026-08-02T15:53:03.258,7.797000,sine_down,315.000000,0.088989,0.062924,-0.062924,0.089913,0.089913,0.063524,-0.063632,-0.001354,0.093996,0.093999,0.066994,-0.065937,0.014160,-0.005007,1,266,0.016000,162,156,0,1,0.709640,0.710718,0.169678,-1987.510,-2113.000,1000.000,-14.000,1000.000,-20.000,1983.699,2045.000
2026-08-02T15:53:03.312,7.860000,sine_down,315.000000,0.086233,0.060976,-0.060976,0.088303,0.088303,0.062537,-0.062342,-0.013558,0.093797,0.093799,0.065906,-0.066743,0.074086,-0.007564,1,267,0.032000,163,157,0,1,0.713156,0.714169,0.334625,-2017.167,-2025.000,1000.000,-14.000,1000.000,-103.000,1881.863,2133.000
2026-08-02T15:53:03.352,7.891000,sine_down,315.000000,0.084916,0.060045,-0.060045,0.086142,0.086158,0.059714,-0.062108,0.000045,0.090980,0.091623,0.071996,-0.056669,-0.019600,-0.006064,1,268,0.016000,164,158,0,1,0.715228,0.718414,0.389404,-1896.801,-1869.000,900.000,-615.000,0.000,378.000,1907.115,2000.000
2026-08-02T15:53:03.412,7.953000,sine_down,315.000000,0.082363,0.058239,-0.058239,0.084886,0.084915,0.058443,-0.061604,0.003926,0.084376,0.085559,0.069691,-0.049634,-0.026083,-0.002013,1,269,0.031000,165,159,0,1,0.718026,0.721427,0.222778,-1848.362,-1826.000,900.000,-615.000,-1000.000,-0.000,1900.063,1684.000
2026-08-02T15:53:03.460,8.000000,sine_down,315.000000,0.080503,0.056924,-0.056924,0.082755,0.082767,0.059531,-0.057502,-0.000686,0.081392,0.081862,0.051358,-0.063747,0.001287,-0.000890,1,270,0.031000,166,160,0,1,0.722141,0.722941,0.251770,-1825.963,-1837.000,0.000,715.000,0.000,-618.000,1827.605,1769.000
2026-08-02T15:53:03.511,8.047000,sine_down,315.000000,0.078710,0.055656,-0.055656,0.080345,0.080395,0.058816,-0.054810,-0.007148,0.082005,0.083840,0.045648,-0.070324,0.031920,-0.003295,1,271,0.016000,167,161,0,1,0.725276,0.725619,0.358734,-1807.314,-1795.000,0.000,715.000,1000.000,-0.000,1738.952,1859.000
2026-08-02T15:53:03.564,8.110000,sine_down,315.000000,0.076416,0.054034,-0.054034,0.079196,0.079196,0.056000,-0.056000,0.000000,0.082312,0.082397,0.055559,-0.060848,-0.001678,-0.005896,1,272,0.032000,168,162,0,1,0.728083,0.728670,0.378876,-1743.761,-1741.000,0.000,-0.000,0.000,545.000,1751.910,1825.000
2026-08-02T15:53:03.605,8.141000,sine_down,315.000000,0.075336,0.053270,-0.053270,0.079196,0.079196,0.056000,-0.056000,0.000000,0.078978,0.079048,0.058187,-0.053505,-0.013685,-0.003643,1,273,0.016000,168,162,0,1,0.730660,0.731842,0.304718,-1743.761,-1711.000,0.000,-0.000,0.000,128.000,1751.910,1659.000
2026-08-02T15:53:03.666,8.203000,sine_down,315.000000,0.073272,0.051811,-0.051811,0.074953,0.074953,0.053000,-0.053000,0.000000,0.076883,0.076913,0.055890,-0.052840,0.020153,-0.003611,1,274,0.031000,170,164,0,1,0.733210,0.734669,0.353699,-1650.132,-1633.000,0.000,-62.000,0.000,-7.000,1657.255,1706.000
2026-08-02T15:53:03.713,8.250000,sine_down,315.000000,0.071797,0.050768,-0.050768,0.074953,0.074953,0.053000,-0.053000,0.000000,0.076883,0.076913,0.055890,-0.052840,0.020153,-0.005086,1,274,0.078000,170,164,0,1,0.733210,0.734669,0.353699,-1650.132,-1633.000,0.000,-62.000,0.000,-7.000,1657.255,1706.000
2026-08-02T15:53:03.764,8.313000,sine_down,315.000000,0.069945,0.049458,-0.049458,0.074953,0.074953,0.053000,-0.053000,0.000000,0.076883,0.076913,0.055890,-0.052840,0.020153,-0.006938,1,274,0.141000,170,164,0,1,0.733210,0.734669,0.353699,-1650.132,-1633.000,0.000,-62.000,0.000,-7.000,1657.255,1706.000
2026-08-02T15:53:03.802,8.344000,sine_down,315.000000,0.069087,0.048852,-0.048852,0.074953,0.074953,0.053000,-0.053000,0.000000,0.076883,0.076913,0.055890,-0.052840,0.020153,-0.007796,1,274,0.172000,170,164,0,1,0.733210,0.734669,0.353699,-1650.132,-1633.000,0.000,-62.000,0.000,-7.000,1657.255,1706.000
2026-08-02T15:53:03.859,8.406000,sine_down,315.000000,0.067480,0.047716,-0.047716,0.072125,0.072125,0.051000,-0.051000,0.000000,0.070269,0.070269,0.049717,-0.049658,-0.001971,-0.002788,1,278,0.031000,173,166,0,1,0.743496,0.745075,0.339752,-1587.711,-1567.000,0.000,-0.000,0.000,-0.000,1594.151,1520.000
2026-08-02T15:53:03.904,8.453000,sine_down,315.000000,0.066361,0.046924,-0.046924,0.067882,0.067882,0.048000,-0.048000,0.000000,0.070653,0.070653,0.049970,-0.049948,-0.003909,-0.004292,1,279,0.031000,176,169,0,1,0.745973,0.747582,0.334045,-1494.081,-1540.000,0.000,-0.000,0.000,1.000,1499.495,1584.000
2026-08-02T15:53:03.951,8.500000,sine_down,315.000000,0.065328,0.046194,-0.046194,0.066468,0.066468,0.047000,-0.047000,0.000000,0.071412,0.071412,0.050501,-0.050492,-0.001443,-0.006084,1,280,0.031000,177,170,0,1,0.748483,0.750120,0.317566,-1462.871,-1592.000,0.000,-0.000,0.000,-1.000,1467.943,1604.000
2026-08-02T15:53:04.003,8.547000,sine_down,315.000000,0.064384,0.045526,-0.045526,0.065054,0.065054,0.046000,-0.046000,0.000000,0.069819,0.069819,0.049326,-0.049414,0.017714,-0.005435,1,281,0.016000,178,171,0,1,0.750935,0.752593,0.361237,-1431.661,-1483.000,0.000,-0.000,0.000,-5.000,1436.391,1471.000
2026-08-02T15:53:04.056,8.594000,sine_down,315.000000,0.063529,0.044922,-0.044922,0.065054,0.065054,0.046000,-0.046000,0.000000,0.063985,0.063985,0.045211,-0.045278,0.004477,-0.000456,1,282,0.016000,179,172,0,1,0.753112,0.754793,0.385437,-1431.661,-1284.000,0.000,1.000,0.000,2.000,1436.391,1304.000
2026-08-02T15:53:04.113,8.656000,sine_down,315.000000,0.062539,0.044222,-0.044222,0.063640,0.063640,0.045000,-0.045000,0.000000,0.060398,0.060398,0.042688,-0.042728,0.000384,0.002141,1,283,0.031000,180,173,0,1,0.755176,0.756884,0.390045,-1400.451,-1295.000,0.000,1.000,0.000,-0.000,1404.839,1323.000
2026-08-02T15:53:04.158,8.703000,sine_down,315.000000,0.061896,0.043767,-0.043767,0.063640,0.063640,0.045000,-0.045000,0.000000,0.061307,0.061307,0.043344,-0.043358,0.005201,0.000589,1,284,0.031000,180,173,0,1,0.757321,0.759060,0.402130,-1400.451,-1392.000,0.000,-0.000,0.000,-0.000,1404.839,1407.000
2026-08-02T15:53:04.206,8.750000,sine_down,315.000000,0.061345,0.043377,-0.043377,0.062225,0.062225,0.044000,-0.044000,0.000000,0.064031,0.064031,0.045275,-0.045279,0.012128,-0.002686,1,285,0.031000,182,175,0,1,0.759592,0.761364,0.435944,-1369.241,-1400.000,0.000,-0.000,0.000,-0.000,1373.287,1504.000
2026-08-02T15:53:04.256,8.797000,sine_down,315.000000,0.060888,0.043054,-0.043054,0.060811,0.060811,0.043000,-0.043000,0.000000,0.064894,0.064894,0.045886,-0.045888,0.012664,-0.004006,1,286,0.016000,183,176,0,1,0.761895,0.763705,0.481903,-1338.031,-1329.000,0.000,-0.000,0.000,-0.000,1341.735,1482.000
2026-08-02T15:53:04.310,8.844000,sine_down,315.000000,0.060525,0.042797,-0.042797,0.060811,0.060811,0.043000,-0.043000,0.000000,0.062099,0.062099,0.043916,-0.043904,0.002568,-0.001574,1,287,0.032000,184,177,0,1,0.764048,0.765895,0.495636,-1338.031,-1253.000,0.000,-0.000,0.000,2.000,1341.735,1354.000
2026-08-02T15:53:04.350,8.891000,sine_down,315.000000,0.060256,0.042608,-0.042608,0.060811,0.060811,0.043000,-0.043000,0.000000,0.059425,0.059425,0.042035,-0.042005,-0.005277,0.000831,1,288,0.016000,185,178,0,1,0.766087,0.767969,0.483124,-1338.031,-1263.000,0.000,-0.000,0.000,2.000,1341.735,1294.000
2026-08-02T15:53:04.410,8.953000,sine_down,315.000000,0.060048,0.042460,-0.042460,0.060811,0.060811,0.043000,-0.043000,0.000000,0.059887,0.059887,0.042352,-0.042340,-0.001670,0.000161,1,289,0.031000,186,179,0,1,0.768176,0.770093,0.478546,-1338.031,-1369.000,0.000,-0.000,0.000,-0.000,1341.735,1362.000
2026-08-02T15:53:04.458,9.000000,zero_hold,315.000000,0.000000,0.000000,-0.000000,0.059397,0.059397,0.042000,-0.042000,0.000000,0.062945,0.062945,0.044522,-0.044496,-0.008058,-0.062945,1,290,0.031000,187,180,0,1,0.770409,0.772364,0.465729,-1306.821,-1404.000,0.000,-0.000,0.000,2.000,1310.183,1472.000
2026-08-02T15:53:04.509,9.047000,zero_hold,315.000000,0.000000,0.000000,-0.000000,0.057147,0.057147,0.040409,-0.040409,0.000000,0.064672,0.064672,0.045729,-0.045731,0.006315,-0.064672,1,291,0.016000,188,181,0,1,0.772711,0.774702,0.452301,-1257.166,-1391.000,0.000,-0.000,0.000,-3.000,1259.984,1480.000
2026-08-02T15:53:04.563,9.110000,zero_hold,315.000000,0.000000,0.000000,-0.000000,0.034647,0.034647,0.024499,-0.024499,0.000000,0.058414,0.058417,0.040849,-0.041760,0.012690,-0.058414,1,292,0.032000,189,182,0,1,0.774761,0.776732,0.524628,-940.393,-1029.000,0.000,-0.000,0.000,-69.000,940.393,1151.000
2026-08-02T15:53:04.604,9.141000,zero_hold,315.000000,0.000000,0.000000,-0.000000,0.012147,0.012147,0.008589,-0.008589,0.000000,0.047014,0.047015,0.033009,-0.033478,0.009985,-0.047014,1,293,0.016000,189,182,0,1,0.776278,0.778262,0.555603,-900.000,-800.000,0.000,-0.000,0.000,-0.000,900.000,834.000
2026-08-02T15:53:04.664,9.203000,zero_hold,315.000000,0.000000,0.000000,-0.000000,0.000000,0.000000,0.000000,0.000000,0.000000,0.034080,0.034080,0.024112,-0.024084,-0.040053,-0.034080,1,294,0.031000,191,184,0,1,0.777300,0.779314,0.480682,0.000,-419.000,0.000,-0.000,0.000,-1.000,0.000,562.000
2026-08-02T15:53:04.712,9.250000,zero_hold,315.000000,0.000000,0.000000,-0.000000,0.000000,0.000000,0.000000,0.000000,0.000000,0.024445,0.024445,0.017288,-0.017282,0.009543,-0.024445,1,295,0.031000,191,184,0,1,0.777997,0.780023,0.482208,0.000,-434.000,0.000,-0.000,0.000,-0.000,0.000,465.000
2026-08-02T15:53:04.762,9.297000,zero_hold,315.000000,0.000000,0.000000,-0.000000,0.000000,0.000000,0.000000,0.000000,0.000000,0.014196,0.014222,0.009439,-0.010638,0.028555,-0.014196,1,296,0.016000,193,186,0,1,0.778454,0.780419,0.590851,0.000,-6.000,0.000,-0.000,0.000,-99.000,0.000,80.000
2026-08-02T15:53:04.815,9.360000,zero_hold,315.000000,0.000000,0.000000,-0.000000,0.000000,0.000000,0.000000,0.000000,0.000000,0.004002,0.004477,0.001411,-0.004248,0.012172,-0.004002,1,297,0.032000,194,187,0,1,0.778539,0.780313,0.620606,0.000,36.000,0.000,-0.000,0.000,2.000,0.000,-18.000
2026-08-02T15:53:04.856,9.391000,zero_hold,315.000000,0.000000,0.000000,-0.000000,0.000000,0.000000,0.000000,0.000000,0.000000,-0.000550,0.000827,-0.000826,-0.000048,-0.002953,0.000550,1,298,0.016000,194,187,0,1,0.778455,0.780226,0.622437,0.000,43.000,0.000,-0.000,0.000,-0.000,0.000,-72.000
2026-08-02T15:53:04.916,9.453000,zero_hold,315.000000,0.000000,0.000000,-0.000000,0.000000,0.000000,0.000000,0.000000,0.000000,-0.000123,0.000227,-0.000222,-0.000047,0.002506,0.000123,1,299,0.031000,196,189,0,1,0.778457,0.780229,0.619080,0.000,0.000,0.000,-0.000,0.000,-0.000,0.000,3.000
2026-08-02T15:53:04.963,9.500000,zero_hold,315.000000,0.000000,0.000000,-0.000000,0.000000,0.000000,0.000000,0.000000,0.000000,-0.000123,0.000227,-0.000222,-0.000047,0.002506,0.000123,1,299,0.078000,196,189,0,1,0.778457,0.780229,0.619080,0.000,0.000,0.000,-0.000,0.000,-0.000,0.000,3.000
2026-08-02T15:53:05.014,9.563000,zero_hold,315.000000,0.000000,0.000000,-0.000000,0.000000,0.000000,0.000000,0.000000,0.000000,-0.000011,0.000021,-0.000020,-0.000005,0.000442,0.000011,1,301,0.032000,197,190,0,1,0.778457,0.780229,0.631165,0.000,0.000,0.000,-0.000,0.000,-0.000,0.000,0.000
2026-08-02T15:53:05.051,9.594000,zero_hold,315.000000,0.000000,0.000000,-0.000000,0.000000,0.000000,0.000000,0.000000,0.000000,-0.000003,0.000006,-0.000006,-0.000002,0.000191,0.000003,1,302,0.016000,198,191,0,1,0.778457,0.780229,0.631012,0.000,0.000,0.000,-0.000,0.000,-0.000,0.000,0.000
2026-08-02T15:53:05.108,9.656000,zero_hold,315.000000,0.000000,0.000000,-0.000000,0.000000,0.000000,0.000000,0.000000,0.000000,-0.000001,0.000002,-0.000002,-0.000000,0.000977,0.000001,1,303,0.031000,200,193,0,1,0.778457,0.780229,0.633759,0.000,0.000,0.000,-0.000,0.000,-0.000,0.000,0.000
2026-08-02T15:53:05.154,9.703000,zero_hold,315.000000,0.000000,0.000000,-0.000000,0.000000,0.000000,0.000000,0.000000,0.000000,-0.000000,0.000001,-0.000001,-0.000000,0.000619,0.000000,1,304,0.031000,201,194,0,1,0.778457,0.780229,0.635590,0.000,0.000,0.000,-0.000,0.000,-0.000,0.000,0.000
2026-08-02T15:53:05.201,9.750000,zero_hold,315.000000,0.000000,0.000000,-0.000000,0.000000,0.000000,0.000000,0.000000,0.000000,-0.000000,0.000000,-0.000000,-0.000000,0.000585,0.000000,1,305,0.031000,202,195,0,1,0.778457,0.780229,0.637421,0.000,0.000,0.000,-0.000,0.000,-0.000,0.000,0.000
2026-08-02T15:53:05.252,9.797000,zero_hold,315.000000,0.000000,0.000000,-0.000000,0.000000,0.000000,0.000000,0.000000,0.000000,-0.000000,0.000000,-0.000000,-0.000000,0.000639,0.000000,1,306,0.016000,203,196,0,1,0.778457,0.780229,0.640015,0.000,0.000,0.000,-0.000,0.000,-0.000,0.000,0.000
2026-08-02T15:53:05.306,9.844000,zero_hold,315.000000,0.000000,0.000000,-0.000000,0.000000,0.000000,0.000000,0.000000,0.000000,-0.000000,0.000000,-0.000000,-0.000000,0.001120,0.000000,1,307,0.016000,204,197,0,1,0.778457,0.780229,0.642914,0.000,0.000,0.000,-0.000,0.000,-0.000,0.000,0.000
2026-08-02T15:53:05.362,9.906000,zero_hold,315.000000,0.000000,0.000000,-0.000000,0.000000,0.000000,0.000000,0.000000,0.000000,-0.000000,0.000000,-0.000000,-0.000000,0.000603,0.000000,1,308,0.031000,205,198,0,1,0.778457,0.780229,0.644898,0.000,0.000,0.000,-0.000,0.000,-0.000,0.000,0.000
2026-08-02T15:53:05.407,9.953000,zero_hold,315.000000,0.000000,0.000000,-0.000000,0.000000,0.000000,0.000000,0.000000,0.000000,-0.000000,0.000000,-0.000000,-0.000000,0.000648,0.000000,1,309,0.031000,206,199,0,1,0.778457,0.780229,0.647339,0.000,0.000,0.000,-0.000,0.000,-0.000,0.000,0.000
2026-08-02T15:53:05.455,10.000000,zero_hold,315.000000,0.000000,0.000000,-0.000000,0.000000,0.000000,0.000000,0.000000,0.000000,-0.000000,0.000000,-0.000000,-0.000000,0.000497,0.000000,1,310,0.031000,207,200,0,1,0.778457,0.780229,0.648865,0.000,0.000,0.000,-0.000,0.000,-0.000,0.000,0.000
2026-08-02T15:53:05.506,10.047000,zero_hold,315.000000,0.000000,0.000000,-0.000000,0.000000,0.000000,0.000000,0.000000,0.000000,-0.000000,0.000000,-0.000000,-0.000000,0.000962,0.000000,1,311,0.016000,208,201,0,1,0.778457,0.780229,0.651459,0.000,0.000,0.000,-0.000,0.000,-0.000,0.000,0.000
2026-08-02T15:53:05.560,10.110000,zero_hold,315.000000,0.000000,0.000000,-0.000000,0.000000,0.000000,0.000000,0.000000,0.000000,-0.000000,0.000000,-0.000000,-0.000000,0.001187,0.000000,1,312,0.032000,209,202,0,1,0.778457,0.780229,0.654663,0.000,0.000,0.000,-0.000,0.000,-0.000,0.000,0.000
2026-08-02T15:53:05.601,10.141000,zero_hold,315.000000,0.000000,0.000000,-0.000000,0.000000,0.000000,0.000000,0.000000,0.000000,-0.000000,0.000000,-0.000000,-0.000000,0.001008,0.000000,1,313,0.016000,210,203,0,1,0.778457,0.780229,0.657562,0.000,0.000,0.000,-0.000,0.000,-0.000,0.000,0.000
2026-08-02T15:53:05.660,10.203000,zero_hold,315.000000,0.000000,0.000000,-0.000000,0.000000,0.000000,0.000000,0.000000,0.000000,-0.000000,0.000000,-0.000000,-0.000000,0.000594,0.000000,1,314,0.031000,211,204,0,1,0.778457,0.780229,0.659546,0.000,0.000,0.000,-0.000,0.000,-0.000,0.000,0.000
2026-08-02T15:53:05.707,10.250000,zero_hold,315.000000,0.000000,0.000000,-0.000000,0.000000,0.000000,0.000000,0.000000,0.000000,-0.000000,0.000000,-0.000000,-0.000000,0.000570,0.000000,1,315,0.031000,212,205,0,1,0.778457,0.780229,0.660614,0.000,0.000,0.000,-0.000,0.000,-0.000,0.000,0.000
2026-08-02T15:53:05.758,10.297000,zero_hold,315.000000,0.000000,0.000000,-0.000000,0.000000,0.000000,0.000000,0.000000,0.000000,-0.000000,0.000000,-0.000000,-0.000000,0.000621,0.000000,1,316,0.016000,213,206,0,1,0.778457,0.780229,0.662445,0.000,0.000,0.000,-0.000,0.000,-0.000,0.000,0.000
2026-08-02T15:53:05.811,10.360000,zero_hold,315.000000,0.000000,0.000000,-0.000000,0.000000,0.000000,0.000000,0.000000,0.000000,-0.000000,0.000000,-0.000000,-0.000000,0.000898,0.000000,1,317,0.032000,214,207,0,1,0.778457,0.780229,0.665192,0.000,0.000,0.000,-0.000,0.000,-0.000,0.000,0.000
2026-08-02T15:53:05.852,10.391000,zero_hold,315.000000,0.000000,0.000000,-0.000000,0.000000,0.000000,0.000000,0.000000,0.000000,-0.000000,0.000000,-0.000000,-0.000000,0.000979,0.000000,1,318,0.016000,215,208,0,1,0.778457,0.780229,0.667938,0.000,0.000,0.000,-0.000,0.000,-0.000,0.000,0.000
2026-08-02T15:53:05.912,10.453000,zero_hold,315.000000,0.000000,0.000000,-0.000000,0.000000,0.000000,0.000000,0.000000,0.000000,-0.000000,0.000000,-0.000000,-0.000000,0.000651,0.000000,1,319,0.031000,216,209,0,1,0.778457,0.780229,0.670075,0.000,0.000,0.000,-0.000,0.000,-0.000,0.000,0.000
2026-08-02T15:53:05.959,10.500000,zero_hold,315.000000,0.000000,0.000000,-0.000000,0.000000,0.000000,0.000000,0.000000,0.000000,-0.000000,0.000000,-0.000000,-0.000000,0.000947,0.000000,1,320,0.031000,217,210,0,1,0.778457,0.780229,0.672821,0.000,0.000,0.000,-0.000,0.000,-0.000,0.000,0.000
2026-08-02T15:53:06.010,10.547000,zero_hold,315.000000,0.000000,0.000000,-0.000000,0.000000,0.000000,0.000000,0.000000,0.000000,-0.000000,0.000000,-0.000000,-0.000000,0.000773,0.000000,1,321,0.016000,218,211,0,1,0.778457,0.780229,0.675263,0.000,0.000,0.000,-0.000,0.000,-0.000,0.000,0.000
2026-08-02T15:53:06.064,10.610000,zero_hold,315.000000,0.000000,0.000000,-0.000000,0.000000,0.000000,0.000000,0.000000,0.000000,-0.000000,0.000000,-0.000000,-0.000000,0.000852,0.000000,1,322,0.032000,219,212,0,1,0.778457,0.780229,0.677399,0.000,0.000,0.000,-0.000,0.000,-0.000,0.000,0.000
2026-08-02T15:53:06.104,10.641000,zero_hold,315.000000,0.000000,0.000000,-0.000000,0.000000,0.000000,0.000000,0.000000,0.000000,-0.000000,0.000000,-0.000000,-0.000000,0.000824,0.000000,1,323,0.016000,219,212,0,1,0.778457,0.780229,0.679230,0.000,0.000,0.000,-0.000,0.000,-0.000,0.000,0.000
2026-08-02T15:53:06.164,10.703000,zero_hold,315.000000,0.000000,0.000000,-0.000000,0.000000,0.000000,0.000000,0.000000,0.000000,-0.000000,0.000000,-0.000000,-0.000000,0.000712,0.000000,1,324,0.031000,221,214,0,1,0.778457,0.780229,0.681519,0.000,0.000,0.000,-0.000,0.000,-0.000,0.000,0.000
2026-08-02T15:53:06.212,10.750000,zero_hold,315.000000,0.000000,0.000000,-0.000000,0.000000,0.000000,0.000000,0.000000,0.000000,-0.000000,0.000000,-0.000000,-0.000000,0.000811,0.000000,1,325,0.031000,221,214,0,1,0.778457,0.780229,0.683502,0.000,0.000,0.000,-0.000,0.000,-0.000,0.000,0.000
2026-08-02T15:53:06.263,10.813000,zero_hold,315.000000,0.000000,0.000000,-0.000000,0.000000,0.000000,0.000000,0.000000,0.000000,-0.000000,0.000000,-0.000000,-0.000000,0.000682,0.000000,1,326,0.032000,223,216,0,1,0.778457,0.780229,0.685791,0.000,0.000,0.000,-0.000,0.000,-0.000,0.000,0.000
2026-08-02T15:53:06.301,10.844000,zero_hold,315.000000,0.000000,0.000000,-0.000000,0.000000,0.000000,0.000000,0.000000,0.000000,-0.000000,0.000000,-0.000000,-0.000000,0.000739,0.000000,1,327,0.016000,223,216,0,1,0.778457,0.780229,0.687775,0.000,0.000,0.000,-0.000,0.000,-0.000,0.000,0.000
2026-08-02T15:53:06.358,10.906000,zero_hold,315.000000,0.000000,0.000000,-0.000000,0.000000,0.000000,0.000000,0.000000,0.000000,-0.000000,0.000000,-0.000000,-0.000000,0.000885,0.000000,1,328,0.031000,225,218,0,1,0.778457,0.780229,0.689758,0.000,0.000,0.000,-0.000,0.000,-0.000,0.000,0.000
2026-08-02T15:53:06.403,10.938000,zero_hold,315.000000,0.000000,0.000000,-0.000000,0.000000,0.000000,0.000000,0.000000,0.000000,-0.000000,0.000000,-0.000000,-0.000000,0.000641,0.000000,1,329,0.016000,226,219,0,1,0.778457,0.780229,0.691437,0.000,0.000,0.000,-0.000,0.000,-0.000,0.000,0.000
2026-08-02T15:53:06.466,11.016000,finished,315.000000,0.000000,0.000000,-0.000000,0.000000,0.000000,0.000000,0.000000,0.000000,-0.000000,0.000000,-0.000000,-0.000000,0.000869,0.000000,1,330,0.047000,227,220,0,1,0.778457,0.780229,0.693573,0.000,0.000,0.000,-0.000,0.000,-0.000,0.000,0.000
